기사작성일,기사제목,기사본문,링크,연관기업
2025-09-02,&quot;데이터 전략 없으면 <b>AI</b> 경쟁에서 도태⋯韓 낙오 위기&quot;,인공지능(<b>AI</b>) 시대 기업 경쟁력은 데이터 전략에 달려 있다는 조사 결과가 나왔다. 개인정보·저작권 규제... 2일 한국인공지능·소프트웨어산업협회(KOSA) 산하 초거대<b>AI</b>추진협의회(공동회장사 네이버클라우드·LG... ,https://n.news.naver.com/mnews/article/031/0000961977?sid=105,네이버
2025-09-02,"LG전자·삼성메디슨, '신사업 육성' 외부 협력 확대",인공지능(<b>AI</b>) 기반 에너지 관리 플랫폼 '크라켄'을 보유했다. 실시간 재생에너지 가격 정보를 제공한다. 30개국 1000만명의 고객을 확보하고 있다. 양사는 LG전자 히트펌프 냉난방시스템과 옥토퍼스 크라켄을 연동할... ,https://www.techm.kr/news/articleView.html?idxno=143950,삼성
2025-09-02,"&quot;<b>AI</b> 사업 강화에 사활&quot;···KT·LGU+, 인재 채용 활발",KT와 LG유플러스가 인공지능(<b>AI</b>) 사업 강화를 위해 <b>AI</b> 인재 채용을 확대하고 있다. 김영섭 대표 취임 후 <b>AI</b> 인력을 1000명 이상 채용하며 <b>AI</b> 사업에 힘을 주고 있는 KT는 글로벌 <b>AI</b> 플랫폼 기업 팔란티어와 협업을 담당할... ,https://www.sisajournal-e.com/news/articleView.html?idxno=414921,LG
2025-09-02,"LG전자, 영국 최대 전력회사와 손잡고 '클린테크' 공략","또 자체 개발한 <b>AI</b> 기반 에너지 관리 플랫폼 크라켄(Kraken)을 통해 고객에게 실시간 재생에너지 가격 정보를 제공, 저렴한 에너지를 선택해 사용할 수 있도록 지원한다. 옥토퍼스의 크라켄과 LG전자의 고효율 히트펌프... ",https://n.news.naver.com/mnews/article/448/0000554043?sid=101,LG
2025-09-02,"네이버, 신선식품 새벽배송 본격화…쿠팡과 경쟁 치열","박 대표는 &quot;1인 가구 증가로 신선식품 수요가 꾸준히 확대되고 있어 새벽배송 시장은 성장성이 크다&quot;며 &quot;특히 <b>AI</b> 시대에 새벽배송 데이터는 소비 패턴을 예측하는 데 매우 유용한 양질의 데이터로, 다른 커머스 사업과의... ",https://www.ekoreanews.co.kr/news/articleView.html?idxno=81973,네이버
2025-09-02,"&quot;1400만개 데이터로 기업고객 업무효율↑&quot; LG U+, KODATA와 '기업·금융특...",(KODATA)와 '기업·금융특화 <b>AI</b>파운데이션 모델'을 공동 개발한다고 2일 밝혔다. [사진 LG유플러스] LG유플러스가 종합CB(신용평가사)인 한국평가데이터(KODATA)와 '기업·금융특화 <b>AI</b>파운데이션 모델'을 공동... ,https://www.nbnews.kr/news/articleView.html?idxno=113959,LG
2025-09-02,"LG전자, 英 옥토퍼스 에너지사와 클린테크 분야 전략적 협업 MOU","또 자체 개발한 <b>AI</b> 기반 에너지 관리 플랫폼 ‘크라켄(Kraken)’을 통해 고객에게 실시간 재생에너지 가격 정보를 제공, 저렴한 에너지를 선택해 사용할 수 있도록 지원한다. 이러한 혁신적인 솔루션으로 2016년 설립 이후... ",https://www.megaeconomy.co.kr/news/newsview.php?ncode=1065594735704007,LG
2025-09-02,"IAA 2025, 신형 전기차 대거 공개..현대차는 4년만에 참가","완성차 업체는 물론 전장과 배터리, IT(정보통신), 인공지능(<b>AI</b>) 등 다양한 분야의 기업들도 참가한다. 가장 이목이 쏠리는 분야는 완성차 업체의 신차 공개로, 주요 기업들마다 새로운 전기차를 대거 공개할 것으로... ",https://n.news.naver.com/mnews/article/014/0005400414?sid=103,현대차
2025-09-02,Naver's Whale Browser Targets Vietnam Market,"A Naver official explained, &quot;It is true that we are preparing to launch an <b>AI</b>-based web browser... To this end, they added numerous <b>AI</b> functions earlier this year to secure global... ",https://www.businesskorea.co.kr/news/articleView.html?idxno=250898,naver
2025-09-02,"LG전자·삼성메디슨, '신사업 육성' 외부 협력 확대",<b>인공지능</b>(AI) 기반 에너지 관리 플랫폼 '크라켄'을 보유했다. 실시간 재생에너지 가격 정보를 제공한다. 30개국 1000만명의 고객을 확보하고 있다. 양사는 LG전자 히트펌프 냉난방시스템과 옥토퍼스 크라켄을 연동할... ,https://www.techm.kr/news/articleView.html?idxno=143950,삼성
2025-09-02,"&quot;AI 사업 강화에 사활&quot;···KT·LGU+, 인재 채용 활발",KT와 LG유플러스가 <b>인공지능</b>(AI) 사업 강화를 위해 AI 인재 채용을 확대하고 있다. 김영섭 대표 취임 후 AI 인력을 1000명 이상 채용하며 AI 사업에 힘을 주고 있는 KT는 글로벌 AI 플랫폼 기업 팔란티어와 협업을 담당할... ,https://www.sisajournal-e.com/news/articleView.html?idxno=414921,LG
2025-09-02,"IAA 2025, 신형 전기차 대거 공개..현대차는 4년만에 참가","완성차 업체는 물론 전장과 배터리, IT(정보통신), <b>인공지능</b>(AI) 등 다양한 분야의 기업들도 참가한다. 가장 이목이 쏠리는 분야는 완성차 업체의 신차 공개로, 주요 기업들마다 새로운 전기차를 대거 공개할 것으로... ",https://n.news.naver.com/mnews/article/014/0005400414?sid=103,현대차
2025-09-02,"삼성·LG, 유럽서 AI 스마트홈 시장 주도권 경쟁",두 회사는 오는 5일(현지시각)부터 9일까지 독일 베를린에서 열리는 유럽 최대 가전 전시회 'IFA 2025'에서 <b>인공지능</b>(AI) 기반 스마트홈 전략을 공개한다. AI 전략이 향후 10년 동안 글로벌 가전 시장 주도권을 가를 핵심... ,https://www.newspim.com/news/view/20250902000849,삼성
2025-09-02,민간 과학기술 후원 서비스 플랫폼 나온다… 과학인재에 러브콜 보내는...,"현재 삼양뿐 아니라 삼성전자, 한화생명, 보령 등과 후원 프로그램을 진행 중이고, 반도체·<b>인공지능</b>(AI)·로보틱스 기업과의 협업도 앞두고 있다. 기업의 후원 방식도 다양해지는 추세다. 보령은 청소년 우주과학 경진대회... ",https://n.news.naver.com/mnews/article/469/0000884919?sid=105,삼성
2025-09-02,"가전에서 서비스로…삼성·LG, AI 활용 고객 편의성 경쟁 가속화",삼성전자 제공 삼성전자와 LG전자가 가전과 <b>인공지능</b>(AI) 기술을 결합한 'AI 홈' 사업을 놓고 경쟁하고 있는 가운데 본격적으로 제품을 넘어 서비스까지 가전 전 영역에서 AI 기술력을 확대하고 있어 주목된다. 제품의 AI... ,https://www.straightnews.co.kr/news/articleView.html?idxno=280240,삼성
2025-09-02,"LG유플러스, KODATA와 기업·금융 특화 AI 모델 개발",LG유플러스는 종합 신용평가사(CB)인 한국평가데이터(KODATA)와 협력해 기업·금융 특화 <b>인공지능</b>(AI) 파운데이션 모델을 공동 개발한다고 2일 밝혔다. ▲LG유플러스 직원들이 금융 특화 AI를 소개하고 있다. [사진... ,https://www.megaeconomy.co.kr/news/newsview.php?ncode=1065594304590915,LG
2025-09-02,"LG전자, 영국 옥토퍼스 에너지와 클린테크 협력 강화",이번 협약은 LG전자의 고효율 히트펌프 냉난방 시스템과 옥토퍼스의 <b>인공지능</b> 기반 에너지 관리 플랫폼 '크라켄'을 연동한 솔루션을 유럽 주요 시장에 선보이기 위한 것이다. 이 솔루션은 최근 몇 년간 에너지 위기와... ,http://www.newsroad.co.kr/news/articleView.html?idxno=45043,LG
2025-09-02,"야구, 숫자로 말하다① - WAR과 스케일링 설계하다, LG트윈스 김지예 사...","더 나은 분석을 위해 <b>머신러닝</b> 기술을 배우고 싶다는 꿈도 있다. &quot;제가 만드는 데이터가 팀에 도움이 되고, 그게 누군가의 경기력 향상으로 이어지는 걸 보면 큰 보람을 느껴요. 단 한 명의 선수라도 제 데이터를 보고 '이거... ",https://m.sports.naver.com/kbaseball/article/529/0000073147,LG
2025-09-02,[C레벨 프리즘] '전략통' 박상수 현대오토에버 CFO에 쏠리는 눈,증권가에서는 향후 현대오토에버가 현대차그룹 로보틱스 신사업과 연계해 로봇 학습(<b>딥러닝</b>) 및 관제 담당 사업을 영위할 수 있을 것이라는 분석이 나온다. 실제 현대차그룹은 로봇 자회사 보스턴다이내믹스를 통해... ,https://dealsite.co.kr/articles/147388,현대차
2025-09-02,"정부, 보이스피싱 ‘무과실 배상’ 추진…은행권, 이중 부담 우려 확대","하나은행은 AI <b>딥러닝</b> 기반의 FDS를 운영하고, 모바일 앱에 보이스피싱 앱 탐지 기능을 탑재했다. 우리은행은 경찰청·금융보안원과 협력해 의심 해외계좌 관리 시스템을 구축하고, LG유플러스와 협약을 체결했다.... ",https://www.news2day.co.kr/article/20250901500233,LG
2025-09-01,"[단독] 삼성전자, 中 공중·우주 통신 네트워크 핵심 특허 확보…드론·...","복잡한 연산을 단순화해 <b>딥러닝</b> 모델의 효율을 높이는 기술로, 모바일·엣지 환경에서의 AI 가속화에 직접 연결된다. 이 외에도 메모리·연산 자원 소모를 줄이면서 성능을 유지하는 모델 경량화 관련 특허들이... ",https://www.theguru.co.kr/news/article.html?no=91202,삼성
2025-09-01,"LG AI 이끄는 이홍락・임우형, ‘기업・소비자・학술’ 모두 챙긴다",그는 세계 10대 AI 연구자로 선정될 만큼 머신러닝과 <b>딥러닝</b> 분야에서 탁월한 권위를 인정받고 있는 석학이다. 이 원장은 2020년 LG AI연구원에 합류해 LG의 글로벌 AI 전략을 총괄하며 차세대 기술 확보와 인재 육성을... ,http://www.fntimes.com/html/view.php?ud=2025090115300262617fd637f543_18,LG
2025-09-02,"금융노조, 주 4.5일제 요구…오는 26일 총파업 예고","은행연합회 자료에 따르면 지난해 5대 시중은행 직원 평균 연봉은 1억1000만원을 넘어섰고, 올해 상반기 평균 급여 역시 6300만원 수준으로 삼성전자나 현대<b>자동차</b> 등 국내 주요 제조기업보다 높다. 게다가 영업점 업무... ",https://www.cstimes.com/news/articleView.html?idxno=664888,삼성
2025-09-02,[기획]고조되는 노사 갈등…산업계 전반 '파업 전운',현대<b>자동차</b>에도 파업 전운이 감돌고 있다. 지난달 25일 현대차 노조는 전체 조합원(4만2180명)을 대상으로 쟁의행위 찬반투표를 진행했으며 투표 결과 86.15%가 찬성해 파업권을 획득했다. 이로써 현대차는 7년 연속... ,http://www.m-i.kr/news/articleView.html?idxno=1277244,현대차
2025-09-02,SK하이닉스가 쏘아올린 성과급 상한제 폐지…재계 전반에 파장,"그동안 '불문율'처럼 여겨졌던 성과급 상한 기준을 없앤 이번 결정은 삼성전자, 현대<b>자동차</b>, HD현대중공업 등 임금·단체협약 교섭을 앞둔 기업들에도 영향을 미칠 것으로 보인다. SK하이닉스 노사는 9월 1일 임단협... ",http://www.queen.co.kr/news/articleView.html?idxno=441446,삼성
2025-09-02,"IAA 2025, 신형 전기차 대거 공개..현대차는 4년만에 참가","2일 <b>자동차</b> 업계에 따르면 IAA 모빌리티 2025에는 전세계 45개국 1000여개 업체가 참가한다. 완성차 업체는 물론 전장과 배터리, IT(정보통신), 인공지능(AI) 등 다양한 분야의 기업들도 참가한다. 가장 이목이 쏠리는... ",https://n.news.naver.com/mnews/article/014/0005400414?sid=103,현대차
2025-09-02,"현대차 한마음가족봉사회, 충남 아산 곡교천 수해 폐기물·생활쓰레기 ...",충남 아산시자원봉사센터(센터장 김기창)와 현대<b>자동차</b> 한마음가족봉사회(회장 박병규)가 지난달 31일 곡교천시민체육공원 일대에서 대대적인 환경정화활동을 전개해 눈길이다. 이날 환경정화활동은 최근 집중호우로... ,https://www.ccdn.co.kr/news/articleView.html?idxno=1037941,현대차
2025-09-02,'충남형 탄소중립 선도 정책' 국제사회 확산,"기업 발표에서 현대제철은 '탄소중립 HY3 프로젝트'를 통한 이산화탄소(CO₂)제거 기술을 공유했으며, 현대<b>자동차</b>는 수소 기반의 미래 운송 전략을 소개했다. 삼성디스플레이는 에너지 효율 확대 성과와 재생에너지 100... ",https://www.ccdn.co.kr/news/articleView.html?idxno=1037988,삼성
2025-09-02,"&quot;최대 680만 원 할인&quot; 현대차, 9월 쏘나타·그랜저 하이브리드 파격 혜택","현대<b>자동차</b>가 9월 'H-Super Save' 기획전을 통해 주력 세단인 쏘나타와 그랜저 하이브리드에 대규모 할인 혜택을 제공한다. 이번 기획전은 한정된 재고 물량에 따라 조기 마감될 수 있으며, 전국 영업점을 통해 참여... ",https://www.autodaily.co.kr/news/articleView.html?idxno=535751,현대차
2025-09-02,"충남도, 탄소중립 국제 콘퍼런스 개최…&quot;대한민국 탄소중립 선도&quot;","기업 세션에서는 현대제철의 'HY3 프로젝트' 탄소감축 기술, 현대<b>자동차</b>의 수소 기반 운송 전략, 삼성디스플레이의 재생에너지 전환 계획, HD현대오일뱅크의 친환경 연료 생산 계획 등이 소개됐다. 김태흠 지사는 &quot;충남은... ",https://n.news.naver.com/mnews/article/277/0005645722?sid=102,삼성
2025-09-02,"'이재용·이부진·이서현' 삼성가, 상반기 자산 10조 늘었다",3위 이부진 사장에 이어 4위는 정의선 현대<b>자동차</b>그룹 회장으로 상반기 자산이 1조8348억원 늘어 총 5조5780억원이 됐다. 현대글로비스 무상증자 효과로 보유 지분 20%의 가치가 두 배 이상 뛰면서 1조7000억원... ,http://www.shinailbo.co.kr/news/articleView.html?idxno=2109322,삼성
2025-09-02,중국 BYD가 언제 현대차를 앞질렀어? 8월까지 13만대 더 팔아,"중국 BYD가 글로벌 판매량에서 현대<b>자동차</b>를 앞질렀다. BYD는 8월 글로벌 판매량이 37만3,626대를... 한편, 현대<b>자동차</b>의 1-8월 글로벌 누적 판매량은 0.2%가 증가한 273만8,841대를 기록했다. 이 가운데 국내... ",https://www.autodaily.co.kr/news/articleView.html?idxno=535750,현대차
2025-09-02,“충남이 하지 않으면 탄소중립 불가”…국제사회에 확산 나선 충남형 ...,"현대제철은 'HY3 프로젝트'를 통한 이산화탄소 제거 기술을, 현대<b>자동차</b>는 수소 기반 운송 전략을 공유했다. 삼성디스플레이는 에너지 효율 개선과 재생에너지 전환 계획을, HD현대오일뱅크는 설비 개선과 친환경... ",https://www.ekn.kr/web/view.php?key=20250902027572904,삼성
2025-09-02,"현대차, 소형 EV 콘셉트카 'Concept THREE' 티저 공개",현대<b>자동차</b>(005380)가 전용 EV 브랜드 아이오닉의 첫 소형 콘셉트카 공개를 예고했다. 현대차는 2일 소형 EV 콘셉트카 'Concept THREE(이하 콘셉트 쓰리)'의 티저 이미지를 공개했다. 티저 이미지는 현대차가 소형 EV를... ,http://www.newsprime.co.kr/news/article.html?no=702682,현대차
2025-09-02,"[모빌로그] 현대차, 소형 EV 콘셉트카 ‘쓰리’ 티저 공개 外","국제<b>자동차</b>연맹(FIA) 주관 세계 최정상급 모터스포츠 대회 ‘2025 월드 랠리 챔피언십(WRC)’의 10라운드... 글로벌 조사기관에 따르면, 멕시코는 2024년 <b>자동차</b> 등록 대수가 역대 최고치를 기록했으며, 이에 따라 타이어... ",https://news.dealsitetv.com/articles/158743,현대차
2025-09-02,"장기렌트·리스 전문 브랜드 ‘투데이즈카’, ‘네이버 AI 브리핑’에 소...",최근 <b>자동차</b> 장기렌트·리스 전문 중개 에이전시 ‘투데이즈카’가 장기렌트 업계 최초로 네이버 AI 브리핑... “특히 <b>자동차</b> 장기렌트·리스처럼 신뢰도가 중요한 서비스에서 큰 경쟁력이 될 것”이라고 분석했다.... ,https://www.megaeconomy.co.kr/news/newsview.php?ncode=1065592859297459,네이버
2025-09-02,'충남형 탄소중립 선도 정책' 국제사회 확산,"기업 발표에서 현대제철은 '탄소중립 HY3 프로젝트'를 통한 이산화탄소(CO₂)제거 기술을 공유했으며, 현대<b>자동차</b>는 수소 기반의 미래 운송 전략을 소개했다. 삼성디스플레이는 에너지 효율 확대 성과와 재생에너지 100... ",http://www.cctimes.kr/news/articleView.html?idxno=863621,삼성
2025-09-02,"현대차, 소형 EV 콘셉트카 ‘콘셉트 쓰리’ 티저 공개","▲현대차, 소형 EV 콘셉트카 ‘Concept THREE’ 티저 공개 이미지/사진=현대차 제공  현대<b>자동차</b>가 전용 전기차 브랜드 아이오닉의 첫 소형 EV 콘셉트카를 선보인다. 현대차는 2일 소형 EV 콘셉트카 ‘콘셉트 쓰리(Concept... ",https://www.socialvalue.kr/news/view/1065593734627742,현대차
2025-09-02,한화손해보험 'NUMA' 참여…모빌리티 생태계 구축 일조,"캐롯손보 인수를 앞둔 한화손해보험이 현대<b>자동차</b>그룹, 국토교통부 등과 손잡고 미래 모빌리티 생태계... 현대<b>자동차</b>, 기아, 네이버, KT 등 기업과 국토교통부, 행정안전부 등 정부기관, 경기도, 강원도 등 지자체... ",http://www.finomy.com/news/articleView.html?idxno=237868,네이버
2025-09-02,[브리프] 한화생명 한화손보 신한EZ손보 DB손해보험 흥국화재,"ㅣ한화손해보험 캐롯손보 인수를 앞둔 한화손해보험이 현대<b>자동차</b>그룹, 국토교통부 등과 손잡고 미래... 현대<b>자동차</b>, 기아, 네이버, KT 등 기업과 국토교통부, 행정안전부 등 정부기관, 경기도, 강원도 등 지자체... ",http://www.biztribune.co.kr/news/articleView.html?idxno=339426,네이버
2025-09-02,"김태흠 지사, 탄소중립경제특별도 선포...'충청남도 탄소중립 국제 콘퍼...","기업 발표에서 현대제철은 '탄소중립 HY3 프로젝트'를 통한 이산화탄소(CO₂)제거 기술을 공유했으며, 현대<b>자동차</b>는 수소 기반의 미래 운송 전략을 소개했습니다. 삼성디스플레이는 에너지 효율 확대 성과와 재생에너지 100... ",http://www.paxetv.com/news/articleView.html?idxno=244456,삼성
2025-09-02,"[머닝(Money-Ing)] 현대차 보다 글로비스 글로비스 보다, 부품주?","역대급 수출 경신… <b>자동차</b>주, 달릴 준비 됐나?Q. 현대차· 기아, 역대급 수출 행진… 주가는 언제 달릴까?Q. 민재기 팀장 관심주는?민재기 팀장 관심주 : 코리아에프티- 국내 유일 카본 캐니스터 전문 제조업체... ",https://news.mtn.co.kr/news-detail/2025090213553093745,현대차
2025-09-02,"현대차, 소형 EV 콘셉트카 'Concept THREE' 티저 공개",현대<b>자동차</b>가 전용 EV 브랜드 '아이오닉'의 첫 소형 콘셉트카 'Concept THREE'의 티저 이미지를 공개했다. 이번 티저 이미지는 현대차가 소형 EV를 새롭게 해석해 디자인한 '에어로 해치' 형상의 측면부다. 이를... ,https://www.thepublic.kr/news/articleView.html?idxno=275130,현대차
2025-09-02,"금오공대 자율전공학부, 맞춤형 전공 탐색 기회 제공","삼성전자, 현대<b>자동차</b>, 한국항공우주산업(KAI) 등 대기업 견학 프로그램도 마련돼 학생들이 전공과 직무를 산업 현장과 연계해 이해할 수 있도록 돕는다.... ",http://www.breaknews.com/1144587,삼성
2025-09-02,김태흠 지사 &quot;충남은 대한민국 탄소중립 앞당겨 나갈 것&quot;,"기업 발표에서 현대제철은 '탄소중립 HY3 프로젝트'를 통한 이산화탄소(CO₂)제거 기술을 공유했으며, 현대<b>자동차</b>는 수소 기반의 미래 운송 전략을 소개했다. 삼성디스플레이는 에너지 효율 확대 성과와 재생에너지 100... ",http://www.ccnnews.co.kr/news/articleView.html?idxno=383436,삼성
2025-09-02,"‘충남 탄소중립, 국제사회로 확산’ 국제 콘퍼런스 개막","기업 발표에서 현대제철은 ‘탄소중립 HY3 프로젝트’를 통한 이산화탄소(CO₂)제거 기술을 공유했으며, 현대<b>자동차</b>는 수소 기반의 미래 운송 전략을 소개했다. 삼성디스플레이는 에너지 효율 확대 성과와 재생에너지... ",https://n.news.naver.com/mnews/article/081/0003570993?sid=102,삼성
2025-09-02,"IAA 2025, 신형 <b>전기차</b> 대거 공개..현대차는 4년만에 참가","가장 이목이 쏠리는 분야는 완성차 업체의 신차 공개로, 주요 기업들마다 새로운 <b>전기차</b>를 대거 공개할 것으로 보인다. 현대차는 이번 IAA 2025에서 전용 EV(<b>전기차</b>) 브랜드 '아이오닉'의 첫 소형 콘셉트카 'Concept THREE... ",https://n.news.naver.com/mnews/article/014/0005400414?sid=103,현대차
2025-09-02,"[기업] 현대차, 아이오닉 소형 콘셉트카 티저 이미지 공개","현대차가 전용 <b>전기차</b> 아이오닉의 첫 소형 콘셉트카 이미지를 공개했습니다. 현대차는 오는 9일부터 독일 뮌헨에서 열리는 유럽 최대 모빌리티쇼, IAA에 4년 만에 참가해 이 콘셉트카를 세계 최초로 공개할 예정입니다.... ",https://n.news.naver.com/mnews/article/052/0002241364?sid=101,현대차
2025-09-02,"K-배터리 3社, 美 ESS 시장 공략 본격 추진",미국 IRA <b>전기차</b> 보조금 종료가 한 달 앞까지 다가온 가운데 국내 주요 배터리업체 3사(삼성SDI... SK온은 미국 조지아 단독공장 'SK 배터리 아메리카'의 <b>전기차</b>용 배터리 생산라인 일부를 ESS용으로 재배치하며... ,https://www.startuptoday.co.kr/news/articleView.html?idxno=502202,삼성
2025-09-02,테슬라·BMW 러브콜 받는 한국타이어 아이온…비결은 ‘기술력’,"한국타이어의 세계 최초 풀라인업 <b>전기차</b> 전용 타이어 브랜드 ‘아이온(iON)’이 글로벌 유수의 완성차 제조사들로부터 많은 선택을 받고 있다. 포르쉐, BMW, 테슬라, BYD, 샤오미, 현대차, 기아 등이 자사 <b>전기차</b>... ",https://www.ceoscoredaily.com/page/view/2025090215240665937,현대차
2025-09-02,"[오토데일리] 현대·GM·기아·혼다, 다채로운 고객 접점 활동 전개","&lt;편집자 주&gt;■ 현대차, 소형 EV '콘셉트 쓰리' 독일서 세계 첫 공개 현대차는 전용 <b>전기차</b> 아이오닉의 첫 소형 콘셉트카 '콘셉트 쓰리' 티저 이미지를 공개한다고 2일 밝혔다. 티저 이미지는 콘셉트 쓰리의 측면부로... ",http://kpenews.com/View.aspx?No=3767328,현대차
2025-09-02,"현대차, 소형 EV 콘셉트카 ‘콘셉트 쓰리’ 티저 공개","▲현대차, 소형 EV 콘셉트카 ‘Concept THREE’ 티저 공개 이미지/사진=현대차 제공  현대자동차가 전용 <b>전기차</b> 브랜드 아이오닉의 첫 소형 EV 콘셉트카를 선보인다. 현대차는 2일 소형 EV 콘셉트카 ‘콘셉트 쓰리(Concept... ",https://www.socialvalue.kr/news/view/1065593734627742,현대자동차
2025-09-02,글로벌 <b>전기차</b> 브랜드 러브콜 독차지하는 한국타이어 아이온,"한국타이어의 세계 최초 풀라인업 <b>전기차</b> 전용 타이어 브랜드 ‘아이온(iON)’을 향한 글로벌 <b>전기차</b> 브랜드의 ‘러브콜’이 빗발치고 있다. 포르쉐, BMW, 테슬라, BYD, 샤오미, 현대차, 기아 등 유수 브랜드가... ",https://www.asiatime.co.kr/article/20250902500293,현대차
2025-09-02,글로벌 <b>전기차</b>용 배터리 35%↑… LG엔솔 3위·SK온 5위 진입·삼성SDI 8위,<b>전기차</b> 캐즘(일시적 수요둔화) 여파에도 전 세계적으로 <b>전기차</b> 배터리 사용량이 꾸준히 증가한 것으로 나타났다. 미국과 유럽 등을 중심으로 한 규제 강화와 공급망 재편이 가속화되면서 배터리 산업의 흐름이... ,https://www.ceoscoredaily.com/page/view/2025090211443679259,삼성
2025-09-02,"日서 <b>전기차</b> 가격 인하 경쟁…BYD 최대 1000만원 인하, 현대차도 할인",[사진=BYD] 중국 <b>전기차</b>(EV) 기업 비야디(BYD)가 일본에서 대대적인 가격 인하에 나섰다. 미국 테슬라가 가격 인하를 시작한 데 이어 중국 시장에서 고전 중인 BYD도 가격 경쟁에 뛰어 들면서 일본 내 EV 시장 경쟁이... ,https://www.ajunews.com/view/20250902143625856,현대차
2025-09-02,"LG엔솔, 북미·베트남서 ‘투트랙 전략’…ESS·전기버스 배터리 공급망...",이번 협약으로 LG에너지솔루션은 원통형 배터리셀을 킴롱모터스에 공급하며 아시아 <b>전기차</b> 시장 공략을... 베트남 <b>전기차</b> 경쟁력 강화를 이끌 계기”라며 “글로벌 청정에너지 산업의 중심지로 도약하는 토대가... ,http://www.thevaluenews.co.kr/news/view.php?idx=192278,LG
2025-09-02,현대차 정의선號 'SDV 전환 선언' 3년…테슬라 따라 잡을까,"초기 내비게이션, 인포테인먼트 시스템에 국한됐던 OTA는 이제 첨단 운전자 보조 시스템(ADAS), 주요 편의 기능, <b>전기차</b> 통합 제어 장치 등 차량의 핵심 제어 영역으로 빠르게 확장되고 있다. 이제 고객들은 정비소 방문... ",http://www.m-i.kr/news/articleView.html?idxno=1277186,현대차
2025-09-02,"[단독] 현대차, 기관투자자와 9월 중순 '美 보스톤다이나믹스' 방문한다...","현대차그룹의 미국 <b>전기차</b> 공장 HMGMA와 싱가폴 혁신센터 HMGICS에서 아틀라스2 투입이 예정돼 있다. 프레스-차체-도장-의장-검사 등 5개 조립 공정 가운데 주로 의장 단계에 투입돼 UPH(Unit Per Hour, 시간당 생산대수)를 10... ",https://n.news.naver.com/mnews/article/014/0005400359?sid=101,현대차
2025-09-02,"LG전자, 英 최대 전력사와 맞손…AI 결합한 히트펌프로 유럽공략","이번 협업은 단순히 히트펌프 보급 확대를 넘어, 재생에너지와 연계된 AI 기반 에너지 관리, 수열·<b>전기차</b> 충전 등으로 사업 포트폴리오를 확장하려는 LG전자의 클린테크 전략의 일환으로 풀이된다. 앞서 LG전자는... ",https://n.news.naver.com/mnews/article/009/0005551589?sid=101,LG
2025-09-02,한화손해보험 'NUMA' 참여…모빌리티 생태계 구축 일조,"NUMA는 민관이 광범위하게 참여하는 공동체로 <b>자율주행</b>·AI 모빌리티 기술을 바탕으로 지속가능한 미래 모빌리티 생태계 조성을 목표로 하고 있다. 현대자동차, 기아, 네이버, KT 등 기업과 국토교통부, 행정안전부 등... ",http://www.finomy.com/news/articleView.html?idxno=237868,현대자동차
2025-09-02,[브리프] 한화생명 한화손보 신한EZ손보 DB손해보험 흥국화재,"'NUMA'는 민관이 광범위하게 참여하는 공동체로, <b>자율주행</b>·AI 모빌리티 기술을 바탕으로 지속가능한 미래 모빌리티 생태계 조성을 목표로 하고 있다. 현대자동차, 기아, 네이버, KT 등 기업과 국토교통부, 행정안전부 등... ",http://www.biztribune.co.kr/news/articleView.html?idxno=339426,현대자동차
2025-09-02,"[위클리오늘] 한화손해보험, 미래 교통 혁신 위한 'NUMA' 협의체 발족·...","NUMA는 민관이 광범위하게 참여하는 공동체로, <b>자율주행</b>·AI 모빌리티 기술을 바탕으로 지속가능한 미래 모빌리티 생태계 조성을 목표로 하고 있다. 현대차, 기아, 네이버, KT 등 기업과 국토교통부, 행정안전부 등... ",http://www.weeklytoday.com/news/articleView.html?idxno=721522,현대차
2025-09-02,"한화손해보험, 현대차·국토부와 미래 모빌리티 생태계 조성 협력","'NUMA'는 민관이 광범위하게 참여하는 공동체로, <b>자율주행</b>·AI 모빌리티 기술을 바탕으로 지속가능한 미래 모빌리티 생태계 조성을 목표로 하고 있다. 현대자동차, 기아, 네이버, KT 등 기업과 국토교통부, 행정안전부 등... ",https://www.businessplus.kr/news/articleView.html?idxno=96078,현대자동차
2025-09-02,현대차 정의선號 'SDV 전환 선언' 3년…테슬라 따라 잡을까,테슬라는 전 세계 수백만 대의 차량에서 실시간으로 주행 데이터를 수집해 <b>자율주행</b> AI를 고도화하는 데이터 선순환 구조를 완성했다. 현대차는 이제 막 데이터 플랫폼을 구축하고 수집 범위를 넓히는 단계로 이... ,http://www.m-i.kr/news/articleView.html?idxno=1277186,현대차
2025-09-02,"성우하이텍, 현대차 러시아 복귀에 거는 기대 '3000억'",이밖에 매출 다변화를 위해 미래 새 먹거리로 추진했던 '<b>자율주행</b>' 사업이 부진한 점도 아쉬운 대목이다. 성우하이텍은 적자가 지속된 <b>자율주행</b> 사업을 접기 위해 2016년 설립한 자회사 성우스마트랩을 최근 종속... ,https://n.news.naver.com/mnews/article/417/0001098859?sid=103,현대차
2025-09-02,‘발로 뛴 이재용’⋯ 잇단 빅테크 협업에 ‘뉴삼성’ 급물살,삼성전자는 테슬라가 개발한 차세대 <b>자율주행</b>·AI 칩 ‘AI6’ 생산을 맡게 됐다. 계약 규모만 약 165억 달러(약 23조원)에 달하는 삼성 반도체 역사상 단일 최대 파운드리 수주다. 특히 테슬라가 미래 모빌리티 전략에 핵심... ,https://www.viva100.com/article/20250902500943,삼성
2025-09-02,"[특징주] 로보티즈, 노란봉투법 통과에 액추에이터 경쟁력 부각되며 수...","LG전자가 로보티즈의 지분 7.28%를 투자하며 주요 주주로 참여하고 있으며, 실외 <b>자율주행</b> 로봇 분야에서도 공동 연구를 진행하고 있어 로봇 시장 확대에 따른 수혜가 기대된다. 로보티즈는 1999년 설립된 로봇... ",https://www.widedaily.com/news/articleView.html?idxno=276880,LG
2025-09-02,"HDC현대산업개발, 송파한양2차에 AI 주차로봇 ‘파키’ 도입",한국정경신문 우용하 기­자 wooyh1053@naver.com [한국정경신문=우용하 기자] HDC현대산업개발은 HL로보틱스와 업무협약(MOU)을 체결하고 송파한양2차 재건축에 인공지능(AI) 기반 <b>자율주행</b> 주차로봇 ‘파키(parkie)’를... ,http://kpenews.com/View.aspx?No=3767125,naver
2025-09-02,"한화손해보험, ‘NUMA’ 참여…모빌리티 생태계 구축 일조","‘NUMA’는 민관이 광범위하게 참여하는 공동체로, <b>자율주행</b>·AI 모빌리티 기술을 바탕으로 지속가능한 미래 모빌리티 생태계 조성을 목표로 하고 있다. 현대자동차, 기아, 네이버, KT 등 기업과 국토교통부, 행정안전부... ",http://www.beyondpost.co.kr/view.php?ud=202509021420574248be44c0aacd_30,현대자동차
2025-09-02,"한화손보, 'NUMA' 합류…미래 모빌리티 보험 생태계 강화","'NUMA'는 <b>자율주행</b>과 AI 모빌리티 기술을 기반으로 지속가능한 교통 생태계 조성을 목표로 하는 민관 협의체다. 현대차·기아, 네이버, KT 등 민간 기업은 물론 국토교통부·행정안전부, 경기도·강원도 등 정부 및 지자체... ",http://www.newslock.co.kr/news/articleView.html?idxno=114885,현대차
2025-09-02,"IAA 2025, 신형 전기차 대거 공개..현대차는 4년만에 참가","세계 4대 모터쇼 중 하나로 꼽히는 최대 <b>모빌리티</b> 전시회 'IAA <b>모빌리티</b> 2025'가 오는 9일(현지시간) 독일 뮌헨에서 열리는 가운데 메르세데스-벤츠, BMW, 폭스바겐그룹 등 독일계 브랜드가 대거 참여한다. 아울러 국내... ",https://n.news.naver.com/mnews/article/014/0005400414?sid=103,현대차
2025-09-02,"[기업] 현대차, 아이오닉 소형 콘셉트카 티저 이미지 공개","현대차는 오는 9일부터 독일 뮌헨에서 열리는 유럽 최대 <b>모빌리티</b>쇼, IAA에 4년 만에 참가해 이 콘셉트카를 세계 최초로 공개할 예정입니다. 현대디자인센터장은 새로운 유형을 통해 흐름이 느껴지는 외관과 균형 잡힌... ",https://n.news.naver.com/mnews/article/052/0002241364?sid=101,현대차
2025-09-02,"현대차, 소형 EV 콘셉트카 'Concept THREE' 티저 공개",현대차는 오는 9~14일 독일 뮌헨에서 열리는 유럽 최대 규모의 <b>모빌리티</b>쇼 IAA <b>모빌리티</b> 2025에 4년 만에 참가해 콘셉트 쓰리를 세계 최초로 공개할 예정이다. 현대차는 9일 전 세계 미디어를 대상으로 콘셉트 쓰리를... ,http://www.newsprime.co.kr/news/article.html?no=702682,현대차
2025-09-02,"[모빌로그] 현대차, 소형 EV 콘셉트카 ‘쓰리’ 티저 공개 外",현대차는 오는 9일부터 14일까지 독일 뮌헨에서 열리는 유럽 최대 규모의 <b>모빌리티</b>쇼 ‘IAA <b>모빌리티</b> 2025’에 4년 만에 참가해 콘셉트 쓰리를 세계 최초로 공개할 예정이다. 현대차는 9일 전 세계 미디어를 대상으로... ,https://news.dealsitetv.com/articles/158743,현대차
2025-09-02,"[오토데일리] 현대·GM·기아·혼다, 다채로운 고객 접점 활동 전개",한국정경신문 임윤희 기­자 yunis1004@naver.com [한국정경신문=임윤희 기자] 빠르게 변화하는 <b>모빌리티</b> 시장의... 현대차는 오는 9∼14일 독일 뮌헨에서 열리는 유럽 최대 <b>모빌리티</b>쇼 'IAA <b>모빌리티</b> 2025'에 4년 만에 참가해... ,http://kpenews.com/View.aspx?No=3767328,현대차
2025-09-02,"현대차, 소형 EV 콘셉트카 ‘콘셉트 쓰리’ 티저 공개","‘IAA <b>모빌리티</b> 2025’에서 세계 최초로 공개할 예정이라고 밝혔다. 이번에 공개된 티저 이미지에는... 현대차는 오는 9일 전 세계 미디어를 대상으로 콘셉트 쓰리를 소개한 뒤, IAA <b>모빌리티</b> 2025 전시 기간 동안 ‘오픈... ",https://www.socialvalue.kr/news/view/1065593734627742,현대차
2025-09-02,한화손해보험 'NUMA' 참여…<b>모빌리티</b> 생태계 구축 일조,"캐롯손보 인수를 앞둔 한화손해보험이 현대자동차그룹, 국토교통부 등과 손잡고 미래 <b>모빌리티</b> 생태계... NUMA는 민관이 광범위하게 참여하는 공동체로 자율주행·AI <b>모빌리티</b> 기술을 바탕으로 지속가능한 미래... ",http://www.finomy.com/news/articleView.html?idxno=237868,현대자동차
2025-09-02,"포스코 그룹, 글로벌 사업 강화···철강산업 위기 정면돌파",이 밖에 관세 정책으로 장벽이 높아진 미국 사업의 경우 지난 4월 현대자동차그룹과의 철강 및 이차전지소재 등 미래 <b>모빌리티</b> 사업 분야 상호 협력 강화 방침을 발표한 데 따라 공동으로 위기 대응에 나선다는... ,http://www.wsobi.com/news/articleView.html?idxno=288307,현대자동차
2025-09-02,"현대차, 소형 EV 콘셉트카 'Concept THREE' 티저 공개",현대차는 오는 9일부터 14일까지 독일 뮌헨에서 열리는 유럽 최대 규모의 <b>모빌리티</b>쇼 'IAA <b>모빌리티</b> 2025'에 4년 만에 참가해 Concept THREE를 세계 최초로 공개한다. 현대차는 9일 전 세계 미디어를 대상으로... ,https://www.thepublic.kr/news/articleView.html?idxno=275130,현대차
2025-09-02,"한화손해보험, 현대차·국토부와 미래 <b>모빌리티</b> 생태계 조성 협력","/ 사진=한화손해보험 한화손해보험은 현대자동차그룹, 국토교통부 등과 손잡고 미래 <b>모빌리티</b> 생태계... 'NUMA'는 민관이 광범위하게 참여하는 공동체로, 자율주행·AI <b>모빌리티</b> 기술을 바탕으로 지속가능한 미래... ",https://www.businessplus.kr/news/articleView.html?idxno=96078,현대자동차
2025-09-02,GS건설 外(산업 동향),현대차는 오는 9일부터 14일까지 독일 뮌헨에서 열리는 유럽 최대 규모의 <b>모빌리티</b>쇼 'IAA <b>모빌리티</b> 2025'에 4년 만에 참가해 콘셉트 쓰리를 세계 최초로 공개할 예정이다. 현대차는 9일 전 세계 미디어를 대상으로... ,https://www.newsclaim.co.kr/news/articleView.html?idxno=3048556,현대차
2025-09-02,‘발로 뛴 이재용’⋯ 잇단 빅테크 협업에 ‘뉴삼성’ 급물살,"특히 테슬라가 미래 <b>모빌리티</b> 전략에 핵심 역할을 하는 칩 생산을 삼성에 맡겼다는 점에서, 글로벌 고객사의 신뢰를 다시 한번 확인한 상징적 성과였다. 애플과 협력관계도 새 국면을 맞았다. 삼성전자는 애플의 차기... ",https://www.viva100.com/article/20250902500943,삼성
2025-09-02,"한화손해보험, ‘NUMA’ 참여…<b>모빌리티</b> 생태계 구축 일조","캐롯손보 인수를 앞둔 한화손해보험이 현대자동차그룹, 국토교통부 등과 손잡고 미래 <b>모빌리티</b> 생태계... ‘NUMA’는 민관이 광범위하게 참여하는 공동체로, 자율주행·AI <b>모빌리티</b> 기술을 바탕으로 지속가능한 미래... ",http://www.beyondpost.co.kr/view.php?ud=202509021420574248be44c0aacd_30,현대자동차
2025-09-02,"현대차, 소형 EV 콘셉트카 '콘셉트 쓰리' 티저 공개",현대차는 오는 9일부터 14일까지 독일 뮌헨에서 열리는 <b>모빌리티</b>쇼 'IAA <b>모빌리티</b> 2025'에 4년 만에 참가해 콘셉트 쓰리를 세계 최초로 공개할 예정이다. 현대차는 9일 전세계 미디어를 대상으로 콘셉트 쓰리를... ,https://www.epnc.co.kr/news/articleView.html?idxno=321828,현대차
2025-09-02,"현대차, 소형 EV 콘셉트카 'Concept THREE' 티저 공개",현대차는 9월 9일부터 14일까지 독일 뮌헨에서 열리는 유럽 최대 규모의 <b>모빌리티</b>쇼 'IAA <b>모빌리티</b> 2025'에 4년 만에 참가해 콘셉트 쓰리를 세계 최초로 선보일 예정이다. 현대차는 9일 전 세계 미디어를 대상으로... ,http://www.kdfnews.com/news/articleView.html?idxno=164741,현대차
2025-09-02,"현대차, 소형 EV 콘셉트카 'Concept THREE' 티저 공개",현대차는 오는 9일부터 14일까지 독일 뮌헨에서 열리는 유럽 최대 규모의 <b>모빌리티</b>쇼 ‘IAA <b>모빌리티</b> 2025’에 4년 만에 참가해 콘셉트 쓰리를 세계 최초로 공개할 예정이다. 현대차는 9일 전 세계 미디어를 대상으로... ,http://www.shinailbo.co.kr/news/articleView.html?idxno=2109555,현대차
2025-09-02,"한화손보, 'NUMA' 합류…미래 <b>모빌리티</b> 보험 생태계 강화","캐롯손해보험 인수를 앞둔 한화손해보험이 현대자동차그룹, 국토교통부 등과 손잡고 미래 <b>모빌리티</b>... 'NUMA'는 자율주행과 AI <b>모빌리티</b> 기술을 기반으로 지속가능한 교통 생태계 조성을 목표로 하는 민관 협의체다.... ",http://www.newslock.co.kr/news/articleView.html?idxno=114885,현대자동차
2025-09-02,"네이버, 신선식품 새벽배송 본격화…쿠팡과 경쟁 치열","이 같은 물류 <b>혁신</b>은 실적 성장으로 이어지고 있다. 네이버의 2분기 커머스 매출은 전년 대비 19.8% 늘어난 8611억 원, 거래액은 12조9000억 원을 기록했다. 국내 새벽배송 시장은 마켓컬리가 2015년 '샛별배송'을 선보이며... ",https://www.ekoreanews.co.kr/news/articleView.html?idxno=81973,네이버
2025-09-02,"LG전자, 英 옥토퍼스 에너지사와 클린테크 분야 전략적 협업 MOU",이러한 <b>혁신</b>적인 솔루션으로 2016년 설립 이후 9년 만에 30개가 넘는 국가에서 1000만명 정도의 고객을 확보하며 영국을 대표하는 전력회사로 자리매김했다. 양사는 LG전자의 고효율 히트펌프 냉난방시스템과 옥토퍼스의... ,https://www.megaeconomy.co.kr/news/newsview.php?ncode=1065594735704007,LG
2025-09-02,"LG전자·삼성메디슨, '신사업 육성' 외부 협력 확대",친환경 <b>기술</b> 중심이다. ▲냉난방공조(HVAC) ▲배터리 등을 일컫는다. 옥토퍼스는 영국 최대 전력 공급사다.... 그레그 잭슨 옥토퍼스 최고경영자(CEO)는 &quot;히트펌프는 친환경적이고 경제적인 난방의 핵심 <b>기술</b>로 LG전자는... ,https://www.techm.kr/news/articleView.html?idxno=143950,삼성
2025-09-02,"&quot;AI 사업 강화에 사활&quot;···KT·LGU+, 인재 채용 활발",올해 하반기엔 기밀 컴퓨팅 <b>기술</b>을 적용한 시큐어 퍼블릭 클라우드와 챗GPT 기반 한국형 AI모델을 출시하며 시장 공략에 속도를 낼 예정이다. 장민 KT 재무실장(CFO) 전무는 지난달 올 2분기 실적발표 컨퍼런스콜에서... ,https://www.sisajournal-e.com/news/articleView.html?idxno=414921,LG
2025-09-02,KT·LG도 뚫렸다?…북한 해커조직 통신사 해킹설 '또 고개',과학<b>기술</b>정보통신부(과기부)도 관련 조사에 착수하며 보안 이슈가 SKT만의 문제로 끝나지 않을 가능성이... 최민희 국회 과학<b>기술</b>정보방송통신위원장은 지난 1일 &quot;기업이 손실을 막기 위해 정보 유출을 은폐하거나... ,https://www.insightkorea.co.kr/news/articleView.html?idxno=231423,LG
2025-09-02,"&quot;1400만개 데이터로 기업고객 업무효율↑&quot; LG U+, KODATA와 '기업·금융특...",학습<b>기술</b>을 접목해 'AI파운데이션 모델'을 개발한다. 나아가 LG유플러스와 KODATA는 대화형으로... 특히 이번 모델에는 기업·금융분야의 성능강화를 위해 DACP(Domain Adaptive Continual Pre-Training) <b>기술</b>이 적용된다.... ,https://www.nbnews.kr/news/articleView.html?idxno=113959,LG
2025-09-02,"LG전자, 英 옥토퍼스 에너지사와 클린테크 분야 전략적 협업 MOU","특히 LG전자 고효율 히트펌프는 차별화된 핵심 부품 <b>기술</b>력인 ‘코어테크’ 기반의 인버터 스크롤 컴프레서를 적용해 우수한 에너지 효율은 물론 높은 내구성, 안정성 등을 갖춘 것이 특징이다. LG전자는 옥토퍼스와의... ",https://www.megaeconomy.co.kr/news/newsview.php?ncode=1065594735704007,LG
2025-09-02,"LG전자, 영국 최대 전력회사와 손잡고 '클린테크' 공략","옥토퍼스 에너지 CEO 그레그 잭슨은 “히트펌프는 친환경적이고 경제적인 난방의 핵심 <b>기술</b>로, LG전자는 업계 최고 수준의 제품과 <b>기술</b>력을 보유하고 있다”며 “LG전자의 고효율 히트펌프를 포함한 냉난방시스템과... ",https://n.news.naver.com/mnews/article/448/0000554043?sid=101,LG
2025-09-02,일부 중국산 <b>로봇</b>청소기서 내부 ‘사진 유출’ 위험…삼성·LG는 ‘양호...,"시중에 판매 중인 일부 <b>로봇</b>청소기에서 집 내부 사진이 외부로 유출되거나 카메라가 원격으로 강제... 한국인터넷진흥원(KISA)과 한국소비자원은 <b>로봇</b>청소기 6개 제품을 대상으로 실시한 보안 실태 점검 결과, 일부... ",https://www.kukinews.com/article/view/kuk202509020130,삼성
2025-09-02,"삼성전자 2025년형 <b>로봇</b>청소기, 과기정통부 IoT 보안 인증 최고 등급 획...",삼성전자 2025년형 <b>로봇</b>청소기 / 사진. 삼성전자 삼성전자가 2025년형 <b>로봇</b>청소기 신제품으로 과학기술정보통신부와 한국인터넷진흥원(이하 KISA)이 주관하는 ‘사물인터넷(IoT) 보안 인증’에서 최고 등급인... ,http://robotzine.co.kr/entry/275621,삼성
2025-09-02,&quot;주가 떨어지는데 왜 더 샀지?&quot;…'증시 큰손' 국민연금 픽 보니,현대글로비스는 스마트 물류 시스템 노하우와 <b>로봇</b>회사 보스턴 다이내믹스 지분 가치 수혜를 볼 것이란 분석이 나온다. 현대차증권은 지난달 현대글로비스 목표주가를 18만5000원에서 20만원으로 올렸다. 삼양식품... ,https://n.news.naver.com/mnews/article/008/0005244474?sid=101,현대차
2025-09-02,"미래에셋증권, 네이버클라우드와 금융·AI 융합 인재 양성",공유 ▲AI·<b>로봇</b>·클라우드 인프라가 융합된 네이버 제2 사옥 '1784' 투어 등으로 구성됐다. 양은석 미래에셋증권 Wealth Tech본부장은 &quot;AI 기술은 금융산업 경쟁력을 좌우하는 핵심 동력&quot;이라며 &quot;청년들이 창의적이고... ,http://www.newscape.co.kr/news/articleView.html?idxno=115454,네이버
2025-09-02,"미래에셋증권, 네이버클라우드와 '금융·AI 융합 인재 양성 교육' 실시",주요 프로그램은 △금융 데이터 분석·로보어드바이저 등 금융투자사 AI 활용 사례를 소개하는 '미래에셋 AI 투어' △네이버 클라우드 플랫폼 구조 및 활용법 강의 △전년도 수상팀 개발 경험 공유 △AI·<b>로봇</b>... ,http://www.biztribune.co.kr/news/articleView.html?idxno=339418,네이버
2025-09-02,"미래에셋증권, 네이버 클라우드와 '금융·AI 융합 인재' 양성 교육 실시",AI·<b>로봇</b>·클라우드 인프라가 융합된 네이버 제2 사옥 '1784' 투어 등으로 구성됐다. 또 양사는 결선 행사까지 전문 멘토링을 제공해 금융 산업 현장에서 적용 가능한 아이디어를 구체화하고 금융 분야 진로를 탐색할 수... ,http://www.finomy.com/news/articleView.html?idxno=237865,네이버
2025-09-02,한화 NPU 社 '비전넥스트' 대표 교체…내부 AI 칩 개발 집중할 듯 [강해...,"2022년에는 LG전자와 차세대 <b>로봇</b> 솔루션을 개발하기 위한 양해각서(MOU)를 교환했고, 지난해에는 에이아이매틱스와 차량용 온디바이스 AI 카메라 개발을 위한 협약도 맺었다. 그러나 4년 동안 눈에 띄는 성과를 내지는... ",https://n.news.naver.com/mnews/article/015/0005178956?sid=105,LG
2025-09-02,[AT 산업 단신] 삼성전자·LG전자·LS에코에너지·샥즈·SAP코리아,"삼성전자 <b>로봇</b>청소기 신제품이 사물인터넷(IoT) 보안 인증 최고 등급을 획득했다. LG전자가 영국 전력회사... 삼성전자 <b>로봇</b>청소기, 과기부 IoT 보안 '최고 등급' 획득 삼성전자 2025년형 <b>로봇</b>청소기 신제품이... ",https://www.asiatime.co.kr/article/20250902500287,삼성
2025-09-02,우리 집 훔쳐보는 中 <b>로봇</b>청소기… 삼성·LG는 보안 합격점,"뉴데일리 이가영 기자 = 최근 필수 가전으로 자리 잡은 <b>로봇</b>청소기 시장에서 삼성전자와 LG전자의 제품이... 2일 한국소비자원이 시중에 판매 중인 <b>로봇</b>청소기 6종을 대상으로 모바일 앱과 보안 업데이트, 개인정보... ",https://biz.newdaily.co.kr/site/data/html/2025/09/02/2025090200262.html,삼성
2025-09-02,"[모빌로그] 현대차, 소형 EV 콘셉트카 ‘쓰리’ 티저 공개 外",대동은 2021년 론칭 이후 매년 리뉴얼을 진행하며 대동 커넥트 앱을 <b>스마트</b> 농업 인프라 확산을 선도하는 종합 플랫폼으로 발전시키고 있다. 초기 농기계 원격 관리 및 제어 기능으로 시작해 이후 영농 정보 제공과 AI... ,https://news.dealsitetv.com/articles/158743,현대차
2025-09-02,"[이슈] 미리보는 'IFA 2025'...삼성·LG, 프리미엄 'AI 홈 솔루션' 자웅 겨...",모든 기기는 <b>스마트</b>싱스(SmartThings)로 연결돼 생활 전반을 효율적이고 안전하게 관리할 수 있다.... 아울러 개막 하루 전인 4일(현지시간) '삼성 갤럭시 이벤트'를 열고 최신 갤럭시 AI를 탑재한 <b>스마트</b>폰과 태블릿... ,http://www.paxetv.com/news/articleView.html?idxno=244426,삼성
2025-09-02,"현대차, NUMA 출범···SDV 전략 본격 가시화","| <b>스마트</b>에프엔 = 김동하 기자 | 현대자동차가 정부, 학계, 기업과 손잡고 'NUMA(Next Urban Mobility Alliance)'를... 현대차의 SDV 전략은 차량의 하드웨어와 소프트웨어를 분리해 마치 <b>스마트</b>폰처럼 기능을 업데이트하고... ",https://www.smartfn.co.kr/news/articleView.html?idxno=119028,현대자동차
2025-09-02,[토스 페이스페이 인사이트] '돈 쓰는 방식' 달라진다...오프라인 금융...,"현금에서 카드로, 그리고 <b>스마트</b>폰으로. 인류의 결제 방식은 더 편리하고 빠른 방향으로 진화해왔다. 그리고... '네·<b>카</b>·토' 대전의 새로운 국면 페이스페이의 출현은 '네이버페이·카카오페이·토스'로 고착화된 핀테크... ",https://www.econovill.com/news/articleView.html?idxno=709691,네이버
2025-09-02,"현대차, 소형EV 'Concept THREE' 티저 공개",|<b>스마트</b>투데이=이주영 기자| 현대자동차가 전용 EV 브랜드 '아이오닉'의 첫 소형 콘셉트카 공개를 예고했다. 현대차는 소형 EV 콘셉트카 'Concept THREE(이하 콘셉트 쓰리)'의 티저 이미지를 공개했다고 2일 밝혔다. 티저... ,https://www.smarttoday.co.kr/news/articleView.html?idxno=90068,현대자동차
2025-09-01,"LG전자, IFA 2025서 '씽큐 온'이 지휘하는 '통합 AI홈 솔루션' 선보인다","와이파이(Wi-Fi), 쓰레드(Thread) 등 다양한 연결 방식을 지원하는 개방형 <b>스마트</b>홈 연동 표준 '매터(Matter)... LG IoT 디바이스는 <b>스마트</b> 도어락, 보이스 컨트롤러, <b>스마트</b> 버튼, <b>스마트</b> 플러그, <b>스마트</b> 조명 스위치, 공기질... ",https://www.autodaily.co.kr/news/articleView.html?idxno=535677,LG
2025-09-01,"&quot;150兆 유럽 시장 잡자&quot;… 삼성·LG, AI·<b>스마트</b>홈 신기술 집결","두 기업은 차세대 AI 기반 <b>스마트</b>홈 솔루션을 내세워 150조원 규모의 유럽 프리미엄 시장 공략에 속도를... <b>스마트</b>홈, 모빌리티, 가전, 홈 엔터테인먼트 등 4개 부문으로 전시가 구성됐으며 139개국이 참가하고... ",https://www.asiatoday.co.kr/view.php?key=20250902010000652,삼성
2025-09-01,"LG전자, IFA서 '씽큐 온'이 지휘하는 AI 홈 설루션 선봬","LG 씽큐 온은 다양한 연결 방식을 지원하는 개방형 <b>스마트</b>홈 연동 표준 '메터' 인증을 획득했다. LG IoT 디바이스는 <b>스마트</b> 도어락, 보이스 컨트롤러, <b>스마트</b> 버튼, <b>스마트</b> 플러그, <b>스마트</b> 조명 스위치, 공기질 센서... ",https://idsn.co.kr/news/view/1065599958343771,LG
2025-09-01,"LG전자, IFA서 '씽큐 온'으로 연결한 통합 AI 홈 솔루션 공개","'씽큐 온'은 와이파이(Wi-Fi), 쓰레드(Thread) 등 다양한 연결 방식을 지원하며, 개방형 <b>스마트</b>홈 표준 '매터... 신제품 IoT 디바이스에는 ▲<b>스마트</b> 도어락 ▲보이스 컨트롤러 ▲<b>스마트</b> 버튼 ▲<b>스마트</b> 플러그 ▲<b>스마트</b> 조명... ",https://www.koreaittimes.com/news/articleView.html?idxno=145258,LG
2025-09-01,[AT 산업 단신] 삼성전자·LG전자·한화비전·드리미,설치기사가 <b>스마트</b>싱스에 연결해줘 제품을 보다 효율적으로 사용할 수 있게 도와주는 '<b>스마트</b>싱스 세팅' 서비스를 제공한다. 또 고객이 원하는 날짜와 시간에 딱 맞춰 설치 서비스를 제공하는 '시간 맞춤 설치'도 올... ,https://www.asiatime.co.kr/article/20250901500344,삼성
2025-09-01,&quot;잘래~&quot;하면 조명·커튼·에어컨 온도 알아서 맞추는 친절한 가전,"LG전자는 또 <b>스마트</b> 도어락, 보이스 컨트롤러, <b>스마트</b> 버튼, <b>스마트</b> 플러그, <b>스마트</b> 조명 스위치, 공기질 센서, 온·습도 센서, 도어 센서, 모션·조도 센서 등 올해 안에 출시할 아홉 가지 사물인터넷(IoT) 기기도... ",https://n.news.naver.com/mnews/article/469/0000884700?sid=101,LG
2025-09-01,"LG전자, IFA 2025서 ‘LG 씽큐 온’ 공개…AI홈 새로운 표준 제시","씽큐 온은 와이파이(Wi-Fi), 쓰레드(Thread) 등 다양한 연결 방식을 지원하고, 개방형 <b>스마트</b>홈 표준 ‘매터... 제품은 △ <b>스마트</b> 도어락 △ 보이스 컨트롤러 △ <b>스마트</b> 버튼 △ <b>스마트</b> 플러그 △ <b>스마트</b> 조명 스위치... ",https://www.mediapen.com/news/view/1039929,LG
2025-09-01,"&quot;'씽큐 온'이 집 전체를 지휘&quot; LG전자, IFA서 AI 홈 솔루션 선보인다","와이파이, 쓰레드 등 다양한 연결 방식을 지원하는 개방형 <b>스마트</b>홈 연동 표준 매터 인증을 받아 폭넓은... LG IoT 디바이스는 △<b>스마트</b> 도어락 △보이스 컨트롤러 △<b>스마트</b> 버튼 △<b>스마트</b> 플러그 △<b>스마트</b> 조명 스위치... ",https://n.news.naver.com/mnews/article/014/0005399766?sid=101,LG
2025-09-01,"LG전자, IFA 2025서 ‘씽큐 온’ 기반 AI홈 솔루션 공개","지원하며, <b>스마트</b>홈 연동 표준 ‘매터(Matter)’ 인증을 통해 호환성을 확보했다. LG전자는 이번 전시에서 씽큐 온과 함께 연내 출시 예정인 ‘LG IoT 디바이스’ 9종도 공개한다. LG IoT 디바이스는 <b>스마트</b> 도어락... ",https://www.hinews.co.kr/view.php?ud=202509011517447396dacadeb388_48,LG
2025-09-01,"LG전자의 AI홈, 유럽을 홀린다","와이파이, 쓰레드(Thread) 등 다양한 연결 방식을 지원하는 개방형 <b>스마트</b>홈 연동 표준 '매터(Matter)' 인증을... LG IoT 디바이스는 △<b>스마트</b> 도어락 △보이스 컨트롤러 △<b>스마트</b> 버튼 △<b>스마트</b> 플러그 △<b>스마트</b> 조명... ",https://www.sisaweek.com/news/articleView.html?idxno=228631,LG
2025-09-01,"[IFA 2025]삼성·LG전자, 동시 출격…'AI 홈'으로 유럽시장 정조준",우선 삼성전자는 자사의 AI 제품들이 <b>스마트</b>싱스(SmartThings)에 연결돼 고객들의 일상을 더 편리하고... 삼성전자가 IFA에서 <b>스마트</b>폰 신제품을 공개하는 것은 지난 2014년 갤럭시 노트4에 이어 11년 만이라는 점에서... ,https://www.newsway.co.kr/news/view?ud=2025090113435058559,삼성
2025-09-01,"LG전자, IFA서 ‘씽큐 온’ 공개…“AI홈 허브로 집 안 가전 한 번에” ...","와이파이·쓰레드(Thread) 등 다양한 연결 방식을 지원하며, <b>스마트</b>홈 연동 표준 ‘매터(Matter)’ 인증을 획득해 폭넓은 호환성을 갖췄다. LG전자는 씽큐 온과 함께 <b>스마트</b> 도어락, 보이스 컨트롤러, <b>스마트</b> 버튼 등 9종의... ",https://www.kukinews.com/article/view/kuk202509010134,LG
2025-09-01,"LG전자, IFA 2025서 '씽큐온' 기반 AI 홈 설루션 선뵌다","LG 씽큐 온은 다양한 연결 방식을 지원하는 개방형 <b>스마트</b>홈 연동 표준 '메터' 인증을 획득했다. LG IoT 디바이스는 <b>스마트</b> 도어락, 보이스 컨트롤러, <b>스마트</b> 버튼, <b>스마트</b> 플러그, <b>스마트</b> 조명 스위치, 공기질 센서... ",https://www.delighti.co.kr/news/articleView.html?idxno=101650,LG
2025-09-01,"LG전자, 유럽 가전 전시회 'IFA'서 '씽큐 온' 집 안팎 AI홈 솔루션 선보...","와이파이(Wi-Fi), 쓰레드(Thread) 등 다양한 연결 방식을 지원하는 개방형 <b>스마트</b>홈 연동 표준 '매터(Matter)... LG IoT 디바이스는 <b>스마트</b> 도어락 보이스 컨트롤러 <b>스마트</b> 버튼 <b>스마트</b> 플러그 <b>스마트</b> 조명 스위치 공기질... ",http://www.techholic.co.kr/news/articleView.html?idxno=218009,LG
2025-09-01,"LG전자, 'IFA 2025'서 씽큐 온 기반 AI홈 솔루션 선봬","와이파이, 쓰레드 등 다양한 연결 방식을 지원하는 개방형 <b>스마트</b>홈 연동 표준 '매터(Matter)' 인증을 받아 폭넓은 연결성을 지원하는 점이 특징이다. LG전자는 이번 전시에서 ▲<b>스마트</b> 도어락 ▲보이스 컨트롤러... ",https://www.itbiznews.com/news/articleView.html?idxno=179025,LG
2025-09-01,"“나 이제 잘래” 한마디에 집이 반응한다…LG, AI 홈허브 ‘씽큐온’ ...",LG전자는 “독일 베를린에서 오는 5일부터 열리는 IFA에서 AI 기반 <b>스마트</b>홈 허브 LG 씽큐 온과 LG IoT 디바이스... LG전자는 IFA에서 ▲<b>스마트</b> 도어락 ▲보이스 컨트롤러 ▲<b>스마트</b> 버튼 ▲<b>스마트</b> 플러그 ▲<b>스마트</b> 조명... ,https://n.news.naver.com/mnews/article/009/0005550732?sid=101,LG
2025-09-01,"LG전자, IFA서 '씽큐 온' AI홈 솔루션 공개","| <b>스마트</b>에프엔 = 양대규 기자 | LG전자는 이달 5일 독일 베를린서 열리는 유럽 최대 가전 전시회 'IFA 2025... 와이파이(Wi-Fi), 쓰레드 등 다양한 연결 방식을 지원하는 개방형 <b>스마트</b>홈 연동 표준 '매터(Matter)' 인증을 받아... ",https://www.smartfn.co.kr/news/articleView.html?idxno=118937,LG
2025-09-01,"LG전자, IFA 2025서 'AI <b>스마트</b>홈 허브' 공개…생성형 AI로 생활 맞춤 제...","LG전자가 인공지능 기반 <b>스마트</b>홈 기기와 사물인터넷(IoT) 기술을 결합한 새로운 AI 홈 솔루션을 유럽... 이번에 공개된 'LG 씽큐 온'은 생성형 인공지능 기술을 탑재한 <b>스마트</b>홈 컨트롤 허브로, 사용자의 일상 언어를... ",https://www.tokenpost.kr/news/tech/281792,LG
2025-09-01,"LG전자, IFA서 '씽큐 온'이 지휘하는 AI홈 솔루션 선보인다","와이파이(Wi-Fi), 쓰레드(Thread) 등 다양한 연결 방식을 지원하는 개방형 <b>스마트</b>홈 연동 표준 '매터(Matter)... LG IoT 디바이스는 ▲<b>스마트</b> 도어락 ▲보이스 컨트롤러 ▲<b>스마트</b> 버튼 ▲<b>스마트</b> 플러그 ▲<b>스마트</b> 조명 스위치... ",http://www.popcornnews.net/news/articleView.html?idxno=92293,LG
2025-09-01,"LG전자, IFA 2025서 '씽큐 온' 기반 AI홈 솔루션 공개","Wi-Fi, 쓰레드(Thread) 등 다양한 연결 방식을 지원하고, <b>스마트</b>홈 표준 '매터(Matter)' 인증을 획득해 폭넓은 연결성을 제공한다. LG전자는 이번 전시에서 <b>스마트</b> 도어락, 보이스 컨트롤러, <b>스마트</b> 버튼, <b>스마트</b> 플러그... ",http://www.finomy.com/news/articleView.html?idxno=237717,LG
2025-09-01,"LG전자, IFA서 ‘AI홈’ 선보인다",개방형 <b>스마트</b>홈 연동 표준 ‘매터(Matter)’ 인증을 받아 폭넓은 연결성도 갖췄다. LG전자는 전시에서 씽큐 온과 함께 연내 출시할 ‘LG IoT 디바이스’ 9종도 선보인다. IoT 디바이스는 △<b>스마트</b>도어락... ,https://www.naeil.com/news/read/559698?ref=naver,LG
2025-09-01,"LG전자, IFA서 '씽큐 온'으로 연결된 AI홈 솔루션 제시",개방형 <b>스마트</b>홈 연동 표준 '매터' 인증도 받았다. LG전자는 IFA 2025에서 씽큐 온과 더불어 연내 출시할 'LG IoT 디바이스' 9종도 선보인다. LG IoT 디바이스는 △<b>스마트</b> 도어락 △보이스 컨트롤러 △<b>스마트</b> 버튼 △<b>스마트</b>... ,https://n.news.naver.com/mnews/article/030/0003345717?sid=105,LG
2025-09-01,"LG전자, IFA서 '씽큐 온'이 지휘하는 AI홈 솔루션 선보인다","와이파이(Wi-Fi), 쓰레드(Thread) 등 다양한 연결 방식을 지원하는 개방형 <b>스마트</b>홈 연동 표준 '매터(Matter)... LG IoT 디바이스는 △<b>스마트</b> 도어락 △보이스 컨트롤러 △<b>스마트</b> 버튼 △<b>스마트</b> 플러그 △<b>스마트</b> 조명 스위치... ",http://www.worktoday.co.kr/news/articleView.html?idxno=73488,LG
2025-09-01,"LG전자, 'IFA 2025'서 '씽큐 온'이 지휘하는 AI홈 솔루션 공개","씽큐 온은 와이파이, 쓰레드 등 다양한 연결 방식을 지원하는 개방형 <b>스마트</b>홈 연동 표준 '매터' 인증을... 'LG IoT 디바이스'는 ▲<b>스마트</b> 도어락 ▲보이스 컨트롤러 ▲<b>스마트</b> 버튼 ▲<b>스마트</b> 플러그 ▲<b>스마트</b> 조명... ",https://www.thepublic.kr/news/articleView.html?idxno=274924,LG
2025-09-01,"LG전자, IFA서 '씽큐 온'이 지휘하는 AI 홈 솔루션 선봬","와이파이(Wi-Fi), 쓰레드(Thread) 등 다양한 연결 방식을 지원하는 개방형 <b>스마트</b>홈 연동 표준 '매터(Matter)... LG IoT 디바이스는 ▲<b>스마트</b> 도어락 ▲보이스 컨트롤러 ▲<b>스마트</b> 버튼 ▲<b>스마트</b> 플러그 ▲<b>스마트</b> 조명 스위치... ",https://www.ziksir.com/news/articleView.html?idxno=102377,LG
2025-09-01,"IFA 2025 개막 D-4…삼성전자·LG전자, 'AI홈' 주도권 경쟁 '점화'",플랫폼 '<b>스마트</b>싱스'를 통해 일상생활을 얼마나 편리하게 만들어주는지를 조명할 예정이다. 삼성전자는... <b>스마트</b>폰 '갤럭시 S25FE'와 태블릿 '갤럭시 탭S11 시리즈'를 선보일 것으로 알려졌다. 삼성전자는 주방... ,https://www.techm.kr/news/articleView.html?idxno=143895,삼성
2025-09-01,"&quot;에어컨 끄고 로봇 청소기 돌려줘 &quot;...LG전자, '씽큐 온' AI홈 솔루션 선...","와이파이(Wi-Fi), 쓰레드(Thread) 등 다양한 연결 방식을 지원하는 개방형 <b>스마트</b>홈 연동 표준 '매터(Matter)... LG IoT 디바이스는 ▲<b>스마트</b> 도어락 ▲보이스 컨트롤러 ▲<b>스마트</b> 버튼 ▲<b>스마트</b> 플러그 ▲<b>스마트</b> 조명 스위치... ",https://www.thefairnews.co.kr/news/articleView.html?idxno=54967,LG
2025-09-01,"LG전자, 'IFA 2025'서 통합 AI 홈 솔루션 선봬","<b>스마트</b>폰 연동 표준 '매터'(Matter) 인증을 받아 와이파이(Wi-Fi), 쓰레드(Thread) 등 폭넓은 연결성도 갖췄다. 이번 전시에서는 씽큐 온과 함께 연내 출시할 LG IoT 디바이스 9종도 선보인다. LG IoT 디바이스는 ▲<b>스마트</b>... ",https://www.1conomynews.co.kr/news/articleView.html?idxno=43126,LG
2025-09-01,"&quot;AI 가전의 오케스트라&quot;…LG전자, IFA서 AI홈 솔루션 '씽큐 온' 공개","와이파이(Wi-Fi), 쓰레드(Thread) 등 다양한 연결 방식을 지원하는 개방형 <b>스마트</b>홈 연동 준 ‘매터(Matter)... LG IoT 디바이스는 ▲<b>스마트</b> 도어락 ▲보이스 컨트롤러 ▲<b>스마트</b> 버튼 ▲<b>스마트</b> 플러그 ▲<b>스마트</b> 조명 스위치... ",https://n.news.naver.com/mnews/article/138/0002203803?sid=105,LG
2025-09-01,"LG전자, IFA서 '씽큐 온'이 지휘하는 AI 홈 설루션 공개...자동으로 최적...",와이파이·쓰레드 등 다양한 연결 방식을 지원하는 개방형 <b>스마트</b>홈 연동 표준 '매터' 인증을 받아 폭넓은... LG IoT 디바이스는 ▲<b>스마트</b> 도어락 ▲보이스 컨트롤러 ▲<b>스마트</b> 버튼 ▲<b>스마트</b> 플러그 ▲<b>스마트</b> 조명 스위치... ,https://www.ezyeconomy.com/news/articleView.html?idxno=220425,LG
2025-09-01,"LG전자, IFA서 '씽큐 온'이 지휘하는 AI홈 솔루션 공개","LG IoT 디바이스는 <b>스마트</b> 도어락, 보이스 컨트롤러, <b>스마트</b> 버튼, <b>스마트</b> 플러그, <b>스마트</b> 조명 스위치, 공기질 센서, 온습도 센서, 도어 센서, 모션·조도 센서 등이다. 각 방에 보이스 컨트롤러를 설치한 고객은... ",https://n.news.naver.com/mnews/article/629/0000421585?sid=101,LG
2025-09-01,"LG전자, IFA서 '씽큐 온'이 지휘하는 AI 홈 설루션 출시","LG 씽큐 온은 다양한 연결 방식을 지원하는 개방형 <b>스마트</b>홈 연동 표준 '메터' 인증을 획득했다. LG IoT 디바이스는 <b>스마트</b> 도어락, 보이스 컨트롤러, <b>스마트</b> 버튼, <b>스마트</b> 플러그, <b>스마트</b> 조명 스위치, 공기질 센서... ",http://www.newsfc.co.kr/news/articleView.html?idxno=73505,LG
2025-09-01,&quot;나 이제 잘래&quot; 한마디 했는데…커튼 치고 조명 끄는 'AI홈',개방형 <b>스마트</b>홈 연동 표준인 '매터' 인증을 받아 폭넓은 연결성도 갖췄다. 특히 이번 전시에선 씽큐 온과 함께 연내 출시할 'LG IoT 디바이스' 9종을 선보인다. LG IoT 디바이스는 △<b>스마트</b> 도어락 △보이스 컨트롤러... ,https://n.news.naver.com/mnews/article/015/0005178214?sid=101,LG
2025-09-01,"LG전자, IFA서 '씽큐 온'이 지휘하는 AI홈 솔루션 선보인다","와이파이(Wi-Fi), 쓰레드(Thread) 등 다양한 연결 방식을 지원하는 개방형 <b>스마트</b>홈 연동 표준 '매터(Matter)... LG IoT 디바이스는 ▲<b>스마트</b> 도어락 ▲보이스 컨트롤러 ▲<b>스마트</b> 버튼 ▲<b>스마트</b> 플러그 ▲<b>스마트</b> 조명 스위치... ",https://www.apnews.kr/news/articleView.html?idxno=3039237,LG
2025-09-01,"&quot;AI가전·IoT 통합 제어&quot; LG전자, IFA서 AI홈 허브 '씽큐 온' 공개",LG IoT 디바이스는 ▲<b>스마트</b> 도어락 ▲보이스 컨트롤러 ▲<b>스마트</b> 버튼 ▲<b>스마트</b> 플러그 ▲<b>스마트</b> 조명 스위치 ▲공기질 센서 ▲온습도 센서 ▲도어 센서 ▲모션/조도 센서 등이다. 모든 디바이스는 씽큐 앱에서... ,https://www.newsquest.co.kr/news/articleView.html?idxno=251747,LG
2025-09-01,"LG전자, ‘IFA 2025’에서 통합 AI홈 솔루션 소개","와이파이(Wi-Fi), 쓰레드(Thread) 등 다양한 연결 방식을 지원하는 개방형 <b>스마트</b>홈 연동 표준 ‘매터(Matter)... LG IoT 디바이스는 ▲<b>스마트</b> 도어락 ▲보이스 컨트롤러 ▲<b>스마트</b> 버튼 ▲<b>스마트</b> 플러그 ▲<b>스마트</b> 조명 스위치... ",https://www.cnbnews.com/news/article.html?no=747172,LG
2025-09-01,"LG전자, 유럽 가전 전시회 'IFA 2025'서 AI홈 솔루션 선봬","와이파이(Wi-Fi), 쓰레드(Thread) 등 다양한 연결 방식을 지원하는 개방형 <b>스마트</b>홈 연동 표준 '매터(Matter)... LG IoT 디바이스는 <b>스마트</b> 도어락, 보이스 컨트롤러, <b>스마트</b> 버튼, <b>스마트</b> 플러그, <b>스마트</b> 조명 스위치, 공기질... ",http://www.smarttimes.co.kr/news/articleView.html?idxno=36891,LG
2025-09-01,"LG전자, IFA서 '씽큐온' 지휘 AI홈솔루션 선봬","|<b>스마트</b>투데이=이주영 기자| LG전자(대표이사 조주완)는 오는 5일 독일 베를린서 열리는 유럽 최대 가전... 와이파이(Wi-Fi), 쓰레드(Thread) 등 다양한 연결 방식을 지원하는 개방형 <b>스마트</b>홈 연동 표준 '매터(Matter)' 인증을... ",https://www.smarttoday.co.kr/news/articleView.html?idxno=89961,LG
2025-09-01,&quot;나 이제 잘래&quot; 말하니 LG '씽큐 온'이 수면모드 지휘,"와이파이, 쓰레드(Thread) 등 다양한 연결 방식을 지원하는 개방형 <b>스마트</b>홈 연동 표준 '매터(Matter)' 인증을... LG IoT 디바이스는 ▲<b>스마트</b> 도어락 ▲보이스 컨트롤러 ▲<b>스마트</b> 버튼 ▲<b>스마트</b> 플러그 ▲<b>스마트</b> 조명... ",https://it.chosun.com/news/articleView.html?idxno=2023092146644,LG
2025-09-01,"LG전자, '씽큐 온'이 지휘하는 AI홈 공개",와이파이와 쓰레드(Thread) 등 다양한 연결 방식을 지원하는 개방형 <b>스마트</b>홈 연동 표준 '매터' 인증을 받기도 했다. 특히 LG전자는 이번 전시에서 씽큐 온과 함께 연내 출시할 'LG IoT 디바이스' 9종도 선보인다. <b>스마트</b>... ,https://n.news.naver.com/mnews/article/215/0001222075?sid=101,LG
2025-09-01,"말 한마디로 집안 제어…LG전자, IFA서 ‘씽큐 온’ 기반 AI홈 솔루션 선...",개방형 <b>스마트</b>홈 연동 표준 '매터(Matter)' 인증을 받아 폭넓은 연결성도 갖췄습니다. LG전자는 이번 전시에서 씽큐 온과 함께 연내 출시할 'LG IoT 디바이스' 9종도 선보입니다. LG IoT 디바이스는 ▲<b>스마트</b> 도어락... ,https://www.inthenews.co.kr/news/article.html?no=76344,LG
2025-09-01,"&quot;모든 가전과 협연&quot;…LG전자, AI 홈 솔루션 '씽큐 온'","신제품은 와이파이(Wi-Fi), 쓰레드(Thread) 등 다양한 연결 방식을 지원하는 개방형 <b>스마트</b>홈 연동 표준 '매터... LG IoT 디바이스는 ▲<b>스마트</b> 도어락 ▲보이스 컨트롤러 ▲<b>스마트</b> 버튼 ▲<b>스마트</b> 플러그 ▲<b>스마트</b> 조명... ",https://www.widedaily.com/news/articleView.html?idxno=276672,LG
2025-09-01,"LG전자, IFA서 ‘씽큐 온’ 지휘 AI홈 솔루션 선봬","와이파이(Wi-Fi), 쓰레드(Thread) 등 다양한 연결 방식을 지원하는 개방형 <b>스마트</b>홈 연동 표준 ‘매터(Matter)... LG IoT 디바이스는 ▲<b>스마트</b> 도어락 ▲보이스 컨트롤러 ▲<b>스마트</b> 버튼 ▲<b>스마트</b> 플러그 ▲<b>스마트</b> 조명 스위치... ",https://www.bigtanews.co.kr/article/view/big202509010007,LG
2025-09-01,"“가전의 오케스트라”…LG전자, AI 홈 솔루션 ‘씽큐 온’ 공개","LG 씽큐 온은 다양한 연결 방식을 지원하는 개방형 <b>스마트</b>홈 연동 표준 '메터' 인증을 획득했다. LG IoT 디바이스는 <b>스마트</b> 도어락, 보이스 컨트롤러, <b>스마트</b> 버튼, <b>스마트</b> 플러그, <b>스마트</b> 조명 스위치, 공기질 센서... ",https://n.news.naver.com/mnews/article/117/0003982588?sid=105,LG
2025-09-01,"LG전자, IFA 2025서 '씽큐 온' 기반 통합 AI 홈 솔루션 공개","와이파이, 쓰레드 등 다양한 연결 방식을 지원하는 개방형 <b>스마트</b>홈 연동 표준 '매터' 인증을 받아 폭넓은... LG IoT 디바이스는 ▲<b>스마트</b> 도어락 ▲보이스 컨트롤러 ▲<b>스마트</b> 버튼 ▲<b>스마트</b> 플러그 ▲<b>스마트</b> 조명... ",https://www.newsworks.co.kr/news/articleView.html?idxno=809313,LG
2025-09-01,"LG전자, IFA서 '씽큐 온'으로 연결한 통합 AI 홈 솔루션 선봬","개방형 <b>스마트</b>홈 연동 표준 '매터' 인증을 받았다. 특히, LG전자는 이번 전시에서 씽큐 온과 함께 연내 출시할 'LG IoT 디바이스' 9종도 선보인다. LG IoT 디바이스는 △<b>스마트</b> 도어락 △보이스 컨트롤러 △<b>스마트</b> 버튼... ",https://n.news.naver.com/mnews/article/031/0000961444?sid=101,LG
2025-09-01,"LG전자, IFA서 ‘씽큐 온’이 지휘하는 AI홈 솔루션 선봬","와이파이(Wi-Fi), 쓰레드(Thread) 등 다양한 연결 방식을 지원하는 개방형 <b>스마트</b>홈 연동 표준 ‘매터(Matter)... LG IoT 디바이스는 ▲<b>스마트</b> 도어락 ▲보이스 컨트롤러 ▲<b>스마트</b> 버튼 ▲<b>스마트</b> 플러그 ▲<b>스마트</b> 조명 스위치... ",http://www.beyondpost.co.kr/view.php?ud=202509011017174383be44c0aacd_30,LG
2025-09-01,"LG전자, IFA 2025서 선 보일 'AI홈 솔루션' 왜 중요할까",LG IoT 디바이스는 ▲<b>스마트</b> 도어락 ▲보이스 컨트롤러 ▲<b>스마트</b> 버튼 ▲<b>스마트</b> 플러그 ▲<b>스마트</b> 조명 스위치 ▲공기질 센서 ▲온습도 센서 ▲도어 센서 ▲모션/조도 센서 등이다. 씽큐 앱을 통해 한 번에 제어할 수... ,https://www.polinews.co.kr/news/articleView.html?idxno=705743,LG
2025-09-01,"LG전자, IFA서 '씽큐 온' 공개...&quot;기기 제어·연결성 장점&quot;","와이파이(Wi-Fi), 쓰레드(Thread) 등 다양한 연결 방식을 지원하는 개방형 <b>스마트</b>홈 연동 표준 매터(Matter)... LG IoT 디바이스는 <b>스마트</b> 도어락·보이스 컨트롤러·<b>스마트</b> 버튼·<b>스마트</b> 플러그·<b>스마트</b> 조명 스위치·공기질... ",http://www.ftoday.co.kr/news/articleView.html?idxno=346853,LG
2025-09-01,"LG전자, 독일 IFA서 ‘LG 씽큐 온’과 ‘LG IoT 디바이스’ 9종 공개","와이파이(Wi-Fi), 쓰레드(Thread) 등 다양한 연결 방식을 지원하는 개방형 <b>스마트</b>홈 연동 표준 ‘매터(Matter)... LG IoT 디바이스는 ▲<b>스마트</b> 도어락 ▲보이스 컨트롤러 ▲<b>스마트</b> 버튼 ▲<b>스마트</b> 플러그 ▲<b>스마트</b> 조명 스위치... ",http://www.lawissue.co.kr/view.php?ud=2025090110070616249817d053b9_12,LG
2025-09-01,"&quot;말 한마디로 움직이는 집&quot;…LG전자, IFA서 '씽큐온' 전면에",차세대 <b>스마트</b>홈 비전을 제시한다고 1일 밝혔다. 씽큐 온은 단순한 기기 제어를 넘어 사용자의 발화... <b>스마트</b>홈 국제 표준인 '매터' 인증을 받아 LG뿐 아니라 타사 기기와도 폭넓게 연동된다. 또 LG전자는 전시... ,https://news.einfomax.co.kr/news/articleView.html?idxno=4372322,LG
2025-09-01,"LG전자 &quot;일반 가전도 <b>스마트</b> 가전으로&quot;, IFA서 '씽큐 온' 통합 제어 AI홈...","연결 방식으로는 와이파이(Wi-Fi), 쓰레드(Thread) 등 다양한 연결 방식을 지원하는 개방형 <b>스마트</b>홈 연동... LG IoT 디바이스는 △<b>스마트</b> 도어락 △보이스 컨트롤러 △<b>스마트</b> 버튼 △<b>스마트</b> 플러그 △<b>스마트</b> 조명 스위치... ",https://www.nextdaily.co.kr/news/articleView.html?idxno=241790,LG
2025-09-01,[오늘의 전자] 삼성전자·LG전자,설치기사가 <b>스마트</b>싱스에 연결해줘 제품을 보다 효율적으로 사용할 수 있게 도와주는 '<b>스마트</b>싱스 세팅' 서비스를 제공한다. 또 고객이 원하는 날짜와 시간에 딱 맞춰 설치 서비스를 제공하는 '시간 맞춤 설치'도 올... ,http://www.financialreview.co.kr/news/articleView.html?idxno=36733,삼성
2025-09-01,"LG전자, IFA서 AI홈 설루션 선보인다","와이파이(Wi-Fi), 쓰레드(Thread) 등 다양한 연결 방식을 지원하는 개방형 <b>스마트</b>홈 연동 표준 '매터(Matter)... LG IoT 디바이스는 △<b>스마트</b> 도어락 △보이스 컨트롤러 △<b>스마트</b> 버튼 △<b>스마트</b> 플러그 △<b>스마트</b> 조명 스위치... ",https://www.ngetnews.com/news/articleView.html?idxno=534810,LG
2025-09-01,"LG전자, IFA서 '씽큐 온'이 지휘하는 AI홈 솔루션 선봬","와이파이(Wi-Fi), 쓰레드(Thread) 등 다양한 연결 방식을 지원하는 개방형 <b>스마트</b>홈 연동 표준 '매터(Matter)... LG IoT 디바이스는 ▲<b>스마트</b> 도어락 ▲보이스 컨트롤러 ▲<b>스마트</b> 버튼 ▲<b>스마트</b> 플러그 ▲<b>스마트</b> 조명 스위치... ",https://www.newscj.com/news/articleView.html?idxno=3312105,LG
2025-09-01,"LG전자, IFA서 AI홈 허브와 IoT 기기 9종 출시","개방형 <b>스마트</b>홈 연동 표준 '매터(Matter)' 인증을 받았다. 폭넓은 기기 연결성을 갖춰 타사 제품과도 호환된다. LG전자는 씽큐 온과 함께 연내 출시할 'LG IoT 디바이스' 9종도 함께 선보인다. <b>스마트</b> 도어락, 보이스... ",https://www.digitaltoday.co.kr/news/articleView.html?idxno=588587,LG
2025-09-01,"LG전자, 베를린 IFA2025서 AI홈 새 패러다임 선보인다","와이파이(Wi-Fi), 쓰레드(Thread) 등 다양한 연결 방식을 지원하는 개방형 <b>스마트</b>홈 연동 표준 '매터(Matter)... LG IoT 디바이스는 ▲<b>스마트</b> 도어락 ▲보이스 컨트롤러 ▲<b>스마트</b> 버튼 ▲<b>스마트</b> 플러그 ▲<b>스마트</b> 조명 스위치... ",https://biz.newdaily.co.kr/site/data/html/2025/09/01/2025090100029.html,LG
2025-09-01,"LG전자, IFA서 '씽큐 온'이 지휘하는 AI홈 솔루션 선보인다","와이파이(Wi-Fi), 쓰레드(Thread) 등 다양한 연결 방식을 지원하는 개방형 <b>스마트</b>홈 연동 표준 '매터(Matter)... LG IoT 디바이스는 △<b>스마트</b> 도어락 △보이스 컨트롤러 △<b>스마트</b> 버튼 △<b>스마트</b> 플러그 △<b>스마트</b> 조명... ",https://www.ajunews.com/view/20250901082241311,LG
2025-09-01,"&quot;AI홈 시대 선도&quot;…LG전자, IFA서 '통합 AI홈 솔루션' 공개","와이파이(Wi-Fi), 쓰레드(Thread) 등 다양한 연결 방식을 지원하는 개방형 <b>스마트</b>홈 연동 표준 '매터(Matter)... LG IoT 디바이스는 ▲<b>스마트</b> 도어락 ▲보이스 컨트롤러 ▲<b>스마트</b> 버튼 ▲<b>스마트</b> 플러그 ▲<b>스마트</b> 조명 스위치... ",https://www.youthdaily.co.kr/news/article.html?no=194489,LG
2025-09-02,<b>테슬라</b>·BMW 러브콜 받는 한국타이어 아이온…비결은 ‘기술력’,"포르쉐, BMW, <b>테슬라</b>, BYD, 샤오미, 현대차, 기아 등이 자사 전기차 브랜드의 신차용 타이어로 아이온을... 이를 포함해 <b>테슬라</b> ‘모델Y’, 샤오미 ‘YU7’, 현대 ‘아이오닉 9’, 루시드 모터스 ‘루시드 그래비티’, 기아... ",https://www.ceoscoredaily.com/page/view/2025090215240665937,현대차
2025-09-02,"삼성 파운드리 해법, 돌고돌아 ‘엑시노스’","지난 2개월간 미국 빅테크(애플·<b>테슬라</b>)로부터 받은 대규모 수주를 시작으로, 연말 자사 AP 생산까지 향후... 향후 예정된 엑시노스 2600 수주 외에도, 삼성 파운드리는 이번 하반기에 애플과 <b>테슬라</b> 등 미 빅테크... ",http://www.newstomato.com/ReadNews.aspx?no=1273468&inflow=N,삼성
2025-09-02,트럼프發 관세폭풍에 韓美 오가며 광폭 행보 보인 이재용 삼성전자 회장...,"출장 기간 이 회장은 <b>테슬라</b>, 애플 등 글로벌 빅테크와 협력을 강화하는 한편 한국에 대한 상호관세율을 25... 우선 출국 전날 <b>테슬라</b>와 23조원 규모로 역대 최대 규모 파운드리 공급 계약을 맺고 미 텍사스주 테일러... ",https://www.thepublic.kr/news/articleView.html?idxno=275112,삼성
2025-09-02,"中 ‘AI 칩 내재화’⋯ 엔비디아엔 ‘악재’, 삼성·SK엔 ‘호재’","반도체 업계 전문가는 “구글, <b>테슬라</b>, 애플, 아마존, 메타 등 이른바 ‘M7’로 불리는 미국 주요 빅테크도 자체 칩 개발에 나서고 있지만 뚜렷한 성과를 내지 못하고 있다”며 “엔비디아의 최대 적수인 AMD조차 난항을... ",https://www.viva100.com/article/20250902501036,삼성
2025-09-02,글로벌 전기차 브랜드 러브콜 독차지하는 한국타이어 아이온,"포르쉐, BMW, <b>테슬라</b>, BYD, 샤오미, 현대차, 기아 등 유수 브랜드가 ‘아이온’을 잇달아 신차용 타이어로... 이를 포함하여 <b>테슬라</b> ‘모델Y’, 샤오미 ‘YU7’, 현대 ‘아이오닉 9’, 루시드 모터스 ‘루시드 그래비티’... ",https://www.asiatime.co.kr/article/20250902500293,현대차
2025-09-02,글로벌 전기차용 배터리 35%↑… LG엔솔 3위·SK온 5위 진입·삼성SDI 8위,<b>테슬라</b>에 배터리를 공급 중인 파나소닉은 올해 배터리 사용량 21.4GWh를 기록하며 6위에 올랐다. 파나소닉은 강화된 미국의 중국산 배터리 및 원자재 규제에 대응해 북미 중심의 공급망 재편에 속도를 내고 있다.... ,https://www.ceoscoredaily.com/page/view/2025090211443679259,삼성
2025-09-02,"日서 전기차 가격 인하 경쟁…BYD 최대 1000만원 인하, 현대차도 할인",미국 <b>테슬라</b>가 가격 인하를 시작한 데 이어 중국 시장에서 고전 중인 BYD도 가격 경쟁에 뛰어 들면서... 올해 5월에는 미국 EV 대기업 <b>테슬라</b>도 일본에서 기간 한정 가격 인하를 시작하는 등 수입차들의 EV 가격... ,https://www.ajunews.com/view/20250902143625856,현대차
2025-09-02,"TSMC와 '10배 격차'…삼성 파운드리, 하반기 '턴 어라운드' 도전",삼성전자는 이 같은 열세 속에서도 올 하반기 <b>테슬라</b>·애플 등과의 '빅딜'과 2나노 공정 고도화를 앞세워 턴... 삼성전자는 7월 말 <b>테슬라</b>와 약 22조8000억원 규모의 파운드리 계약을 체결했다. 이는 지난해 삼성전자 총... ,http://www.m-i.kr/news/articleView.html?idxno=1277199,삼성
2025-09-02,현대차 정의선號 'SDV 전환 선언' 3년…<b>테슬라</b> 따라 잡을까,"키우고, <b>테슬라</b>, 애플 등 글로벌 빅테크 출신 핵심 인재를 대거 영입하며 SDV 개발의 두뇌를 확보하는 데... 업계에선 <b>테슬라</b>를 따라 잡기 위해서는 차량 설계의 기본 골격인 아키텍처 분야의 기술개발 속도를 높여야... ",http://www.m-i.kr/news/articleView.html?idxno=1277186,현대차
2025-09-02,‘발로 뛴 이재용’⋯ 잇단 빅테크 협업에 ‘뉴삼성’ 급물살,가장 주목된 소식은 <b>테슬라</b>와의 대규모 반도체 계약이다. 삼성전자는 <b>테슬라</b>가 개발한 차세대 자율주행·AI 칩 ‘AI6’ 생산을 맡게 됐다. 계약 규모만 약 165억 달러(약 23조원)에 달하는 삼성 반도체 역사상 단일 최대... ,https://www.viva100.com/article/20250902500943,삼성
2025-09-02,"<b>테슬라</b> 주가 8월 29일 333달러 기록, 3.5% 하락 마감","지난 8월 29일, 나스닥 시장에서 <b>테슬라</b> 주가는 1주당 333.87달러로 마감하였다. 전일 대비 12.11달러(-3.50... 출처 : 네이버페이 증권 52주 기준으로 보면 <b>테슬라</b>는 지난달 13일 최고가 488.54달러, 최저가 205.97달러... ",https://www.job-post.co.kr/news/articleView.html?idxno=174217,네이버
2025-09-02,"삼성전기 주가 장중 4%대 강세, <b>테슬라</b> 대상 매출 증가 전망에 52주 신고...",3분기 시장의 기대치를 웃도는 호실적이 기대되는 데다 중장기적으로 주요 고객사 <b>테슬라</b>로 부품... 고 연구원은 &quot;삼성전기는 주요 사업부문인 적층세라미콘덴서(MLCC) 업황이 개선되고 있는 데다 <b>테슬라</b>와... ,https://www.businesspost.co.kr/BP?command=article_view&num=410083,삼성
2025-09-02,지키는 삶을 위하여,"미국 내에서 가장 많은 석유를 생산하는 주이며 <b>테슬라</b>, DELL, AT&amp;T, 아메리칸 에어라인 등의 대기업 본사가 자리하고 있죠. 삼성전자의 반도체 공장도 텍사스 오스틴에 위치해 있고 현재 테일러에도 신공장이 들어서고... ",https://www.dailytw.kr/news/articleView.html?idxno=31149,삼성
2025-09-02,K-배터리 3사 점유율 16.6%로 하락…내년 북미·유럽 현지화 전략 분수령...,"LG에너지솔루션은 <b>테슬라</b> 물량이 23.6% 줄었지만, 기아 EV3 판매 호조와 얼티엄 플랫폼 기반 쉐보레·실버라도 EV 확대가 증가 요인으로 작용했다. CATL은 221.4GWh(34%↑)를 기록하며 1위 자리를 굳혔고, BYD는 105GWh(52.... ",https://n.news.naver.com/mnews/article/138/0002203923?sid=105,LG
2025-09-02,日전기차 시장 경쟁 가열…현대차·BYD·<b>테슬라</b> 줄줄이 할인,주력 전기차인 '아이오닉5'가 391만엔(약 3천687만원)에 판매된다. 미국 전기차 업체 <b>테슬라</b>도 지난 5월 기간 한정 가격 인하를 시작해 일본 내 전기차 가격 경쟁이 격화하고 있다.,https://n.news.naver.com/mnews/article/001/0015600025?sid=104,현대차
2025-09-02,中 공세에 밀려나는 K-배터리… 점유율 4.5%p ‘뚝’,<b>테슬라</b>향 물량이 23.6% 감소하면서 성장세가 둔화됐다. SK온은 24.6GWh(17.4% 증가)의 배터리 사용량을 기록하며 5위를 차지했다. 현대차그룹 전동차 판매 회복과 폭스바겐 ID.4ㆍID.7의 견조한 수요가 뒷받침됐다.... ,https://www.dnews.co.kr/uhtml/view.jsp?idxno=202509021113519380983,현대차
2025-09-02,"K배터리, 1~7월 전기차 점유율 16.6%…4.5%p ↓","LG에너지솔루션의 배터리는 주로 <b>테슬라</b>, 쉐보레, 기아, 폭스바겐 등의 주요 완성차에 탑재된다. <b>테슬라</b>의 경우 배터리 사용량이 전년 동기 대비 23.6% 감소했다. 반면 기아 EV3와 얼티엄 플랫폼이 적용된 쉐보레... ",https://n.news.naver.com/mnews/article/092/0002388670?sid=105,LG
2025-09-02,1~7월 배터리 3사 점유율 16.6%…전년 대비 하락,"반면 <b>테슬라</b>의 경우 전체적인 판매 감소와 함께 LG에너지솔루션 배터리를 탑재한 트림의 판매량... <b>테슬라</b>, BMW, 벤츠, 폭스바겐 등 주요 완성차가 CATL을 채택하며 점유율을 지켰다. BYD는 105.0GWh로 52.4% 늘어... ",https://www.newspim.com/news/view/20250902000439,LG
2025-09-02,1~7월 전기차 배터리 시장 35.3% 성장…韓 3사 점유율 4.5%p↓,"LG에너지솔루션은 <b>테슬라</b>, 쉐보레, 기아, 폭스바겐 등에 탑재된다. <b>테슬라</b>는 전반적인 판매 감소를 겪고 있으나 기아 EV3의 판매 호조와 쉐보레 이쿼녹스, 블레이저, 실버라도 EV의 북미 판매 확대가... ",https://n.news.naver.com/mnews/article/421/0008460874?sid=101,LG
2025-09-02,조현범 회장의 프리미엄 전략···전기차 브랜드 러브콜 받는 '한국타이...,"포르쉐, BMW, <b>테슬라</b>, BYD, 샤오미, 현대차, 기아 등 유수 브랜드가 '아이온'을 잇달아 신차용 타이어로... 이를 포함하여 <b>테슬라</b> '모델Y', 샤오미 'YU7', 현대 '아이오닉 9', 루시드 모터스 '루시드 그래비티', 기아 'EV4' 등... ",https://www.smartfn.co.kr/news/articleView.html?idxno=119047,현대차
2025-09-02,"<b>테슬라</b>, 12.11달러 하락한 333.87달러 장 마감","2일(미국 동부 기준 1일) 기준, 네이버페이 증권에 따르면 <b>테슬라</b>는 333.87달러로 거래를 마감하며... 자동차 및 트럭 제조 업종에 속한 <b>테슬라</b>의 시가총액은 1조 769억 달러, 한화 약 1,500조 947억 원이다.... ",https://www.topstarnews.net/news/articleView.html?idxno=15790625,네이버
2025-09-02,"“삼성전기, 삼성전자 T사 파운드리 수주 수혜 기대”&lt;iM證&gt;","삼성전자가 <b>테슬라</b>(Tesla)와의 파운드리 계약을 통해 중장기 웨이퍼 공급이 전망되는 가운데, 삼성전기가... 리포트에 따르면 삼성전자가 <b>테슬라</b>와의 파운드리 계약을 통해 중장기적으로 7년 간 (2027~2034년) 약 1만장... ",https://www.news2day.co.kr/article/20250902500158,삼성
2025-09-02,"iM증권 &quot;삼성전기, 10년 내 <b>테슬라</b>향 매출 2조원 성장…목표가↑&quot;",iM증권은 2일 삼성전기에 대해 삼성전자와 <b>테슬라</b>의 파운드리 계약에 따라 매출 성장이 기대된다며... iM증권은 삼성전자와 <b>테슬라</b>와의 파운드리 계약을 통해 월 약 1만 장의 웨이퍼를 7년간 공급하게 될 것으로... ,https://www.widedaily.com/news/articleView.html?idxno=276813,삼성
2025-09-02,1~7월 글로벌 전기차용 배터리 사용량 전년比 35.3%↑,"LG에너지솔루션의 배터리 사용량은 주로 <b>테슬라</b>, 쉐보레, 기아, 폭스바겐 등의 주요 완성차에 탑재됐다. 주로 <b>테슬라</b>에 배터리를 공급하는 파나소닉은 올해 배터리 사용량 21.4GWh를 기록하며 6위에 올랐다.... ",https://n.news.naver.com/mnews/article/277/0005645468?sid=101,LG
2025-09-02,"[특징주] <b>테슬라</b>향 매출 2조 전망에…삼성전기, 52주 신고가 기록",아주경제=류소현 기자 sohyun@ajunews.com 삼성전기 로고 이미지 [사진=삼성전기] 삼성전기의 <b>테슬라</b>향... 이와 함께 삼성전기의 <b>테슬라</b>향 매출 전망치가 2025년 6080억원에서 2034년 2조원으로 성장할 것이라고... ,https://www.ajunews.com/view/20250902102103561,삼성
2025-09-02,"현대차, NUMA 출범···SDV 전략 본격 가시화","글로벌 경쟁사인 <b>테슬라</b>, 폭스바겐, GM 등도 SDV 전환에 속도를 내고 있는 가운데, 현대차가 어떤 차별화 전략으로 경쟁력을 확보할지도 관건이다. NUMA는 현대차가 '스마트 모빌리티 솔루션 프로바이더'로 거듭나기... ",https://www.smartfn.co.kr/news/articleView.html?idxno=119028,현대차
2025-09-02,"iM증권, 삼성전기 목표주가 22% 상향···&quot;<b>테슬라</b> 수혜·업황 개선 기대...","<b>테슬라</b>향 매출 성장과 MLCC·FC-BGA 업황 개선을 반영한 결과다. 2일 iM증권에 따르면 삼성전기는 <b>테슬라</b>에 MLCC, FC-BGA, 카메라 등 부품을 공급하며 주요 공급사 지위를 점하고 있다. 올해 <b>테슬라</b>향 매출은 약 6... ",https://www.newsway.co.kr/news/view?ud=2025090209030440086,삼성
2025-09-02,"&quot;삼성전기, <b>테슬라</b>향 매출 2조까지 성장&quot;…52주 신고가[핫종목]",삼성전기(009150)가 <b>테슬라</b>향(向) 매출이 10년 내 2조 원까지 성장할 것이란 증권가 전망에 52주 신고가를... iM증권은 이날 삼성전기에 대해 삼성전자와 <b>테슬라</b>의 파운드리 계약에 따라 매출 성장이 기대된다는... ,https://n.news.naver.com/mnews/article/421/0008460535?sid=101,삼성
